MINDBODY, Incorporated,https://mightysignal.com/app/app#/publisher/ios/82812,8632
ChowNow, LLC,https://mightysignal.com/app/app#/publisher/ios/28441,5584
CrowdCompass, Inc.,https://mightysignal.com/app/app#/publisher/ios/497,5502
weiqiang fu,https://mightysignal.com/app/app#/publisher/ios/569266,5468
ECHURCH Inc,https://mightysignal.com/app/app#/publisher/ios/307215,4941
Nobex Technologies,https://mightysignal.com/app/app#/publisher/ios/82367,4634
wei qian,https://mightysignal.com/app/app#/publisher/ios/22756,4580
Subsplash Consulting,https://mightysignal.com/app/app#/publisher/ios/4028,3993
Yeisela Ordonez Vaquiro,https://mightysignal.com/app/app#/publisher/ios/90459,3967
DoubleDutch, Inc.,https://mightysignal.com/app/app#/publisher/ios/16861,3724
SKOOLBAG PTY LTD,https://mightysignal.com/app/app#/publisher/ios/44378,3696
AppsVision,https://mightysignal.com/app/app#/publisher/ios/1645,3682
OFFLINE MAP TRIP GUIDE LTD,https://mightysignal.com/app/app#/publisher/ios/620031,3625
DWNLD, Inc.,https://mightysignal.com/app/app#/publisher/ios/22169,3329
Magzter Inc.,https://mightysignal.com/app/app#/publisher/ios/7104,3287
KitApps, Inc.,https://mightysignal.com/app/app#/publisher/ios/3671,3091
Carolina Vergara,https://mightysignal.com/app/app#/publisher/ios/608879,2867
Brand Apps Limited,https://mightysignal.com/app/app#/publisher/ios/26412,2518
Rodrigo Melo,https://mightysignal.com/app/app#/publisher/ios/421450,2220
Appsme Ltd,https://mightysignal.com/app/app#/publisher/ios/6094,2212
Jiabao Feng,https://mightysignal.com/app/app#/publisher/ios/29556,2207
Li pianpian,https://mightysignal.com/app/app#/publisher/ios/326891,2047
GPS CAR NAVIGATION PILOT LTD,https://mightysignal.com/app/app#/publisher/ios/634540,1938
Orlando de Paula,https://mightysignal.com/app/app#/publisher/ios/426554,1838
Nguyen Hieu,https://mightysignal.com/app/app#/publisher/ios/292405,1825
RxWiki, Inc.,https://mightysignal.com/app/app#/publisher/ios/82670,1797
Tobit Software AG,https://mightysignal.com/app/app#/publisher/ios/12430,1779
Total Loyalty Solutions,https://mightysignal.com/app/app#/publisher/ios/31494,1752
Sharefaith Inc.,https://mightysignal.com/app/app#/publisher/ios/87695,1650
App Makers Srl,https://mightysignal.com/app/app#/publisher/ios/86429,1637
Tong zhu,https://mightysignal.com/app/app#/publisher/ios/526827,1632
Phpschool.com,https://mightysignal.com/app/app#/publisher/ios/32108,1624
orderYOYO ApS,https://mightysignal.com/app/app#/publisher/ios/155769,1621
Zhu Tong,https://mightysignal.com/app/app#/publisher/ios/535647,1613
Faulkner Media Group, LLC.,https://mightysignal.com/app/app#/publisher/ios/82591,1612
EventMobi,https://mightysignal.com/app/app#/publisher/ios/16774,1601
Heise Media Service GmbH & Co. KG,https://mightysignal.com/app/app#/publisher/ios/4838,1595
Big Fish Games, Inc,https://mightysignal.com/app/app#/publisher/ios/86686,1559
Infinite Monkeys LLC,https://mightysignal.com/app/app#/publisher/ios/751,1540
Michelangelo Stamato,https://mightysignal.com/app/app#/publisher/ios/445288,1527
Erasmo Jose Da Silva,https://mightysignal.com/app/app#/publisher/ios/426456,1525
Appswiz Pty Ltd,https://mightysignal.com/app/app#/publisher/ios/19740,1479
Marcelo Domingues,https://mightysignal.com/app/app#/publisher/ios/82249,1473
Jose Fernando Araujo,https://mightysignal.com/app/app#/publisher/ios/488107,1460
Healcode LLC,https://mightysignal.com/app/app#/publisher/ios/83219,1412
Cristian Teixeira,https://mightysignal.com/app/app#/publisher/ios/454315,1403
Luis Paredes,https://mightysignal.com/app/app#/publisher/ios/500956,1398
Tabata Souza,https://mightysignal.com/app/app#/publisher/ios/431497,1383
LinQuan Xu,https://mightysignal.com/app/app#/publisher/ios/96256,1370
Jiajia Han,https://mightysignal.com/app/app#/publisher/ios/518127,1366
Camila Albieri,https://mightysignal.com/app/app#/publisher/ios/478813,1339
Elisa Carvalho,https://mightysignal.com/app/app#/publisher/ios/80173,1331
KiritKumar Thakkar,https://mightysignal.com/app/app#/publisher/ios/525405,1313
lei wang,https://mightysignal.com/app/app#/publisher/ios/520258,1299
alina pustovaja,https://mightysignal.com/app/app#/publisher/ios/421734,1293
Thiago Souza,https://mightysignal.com/app/app#/publisher/ios/418752,1290
Debora Rocha,https://mightysignal.com/app/app#/publisher/ios/426351,1281
Nilson Tavares,https://mightysignal.com/app/app#/publisher/ios/565996,1277
David Soares,https://mightysignal.com/app/app#/publisher/ios/295007,1273
Exuro Marketing Concepts LLC.,https://mightysignal.com/app/app#/publisher/ios/16516,1260
Samir Cabete,https://mightysignal.com/app/app#/publisher/ios/470865,1250
Ricardo Pereira Albieri,https://mightysignal.com/app/app#/publisher/ios/535719,1227
Blair Ventures LLC,https://mightysignal.com/app/app#/publisher/ios/21693,1223
Siarhei Zaturanau,https://mightysignal.com/app/app#/publisher/ios/347942,1199
Camila Albieri,https://mightysignal.com/app/app#/publisher/ios/566435,1192
Gp Imports Inc, Software Development,https://mightysignal.com/app/app#/publisher/ios/2347,1168
Academ Media Games OOO,https://mightysignal.com/app/app#/publisher/ios/92083,1167
David Soares,https://mightysignal.com/app/app#/publisher/ios/293928,1165
Fernanda Azevedo,https://mightysignal.com/app/app#/publisher/ios/503915,1162
Patrick Arouette,https://mightysignal.com/app/app#/publisher/ios/519752,1161
Edgar de Oliveira,https://mightysignal.com/app/app#/publisher/ios/293934,1153
Tap To Eat, Inc.,https://mightysignal.com/app/app#/publisher/ios/82937,1140
Daniel Alcantara,https://mightysignal.com/app/app#/publisher/ios/320601,1137
David Soares,https://mightysignal.com/app/app#/publisher/ios/294654,1119
Dmitry Fedorchenko,https://mightysignal.com/app/app#/publisher/ios/329002,1117
Davi Soares,https://mightysignal.com/app/app#/publisher/ios/434500,1115
PSY-fa Co.,Ltd,https://mightysignal.com/app/app#/publisher/ios/96602,1115
Paulo Alves,https://mightysignal.com/app/app#/publisher/ios/294644,1098
Paulo Alves,https://mightysignal.com/app/app#/publisher/ios/294369,1096
VishalKumar Thakkar,https://mightysignal.com/app/app#/publisher/ios/576393,1096
Thiago Henrique M de Souza,https://mightysignal.com/app/app#/publisher/ios/443260,1095
Everton Francisco Rosa,https://mightysignal.com/app/app#/publisher/ios/321412,1090
tong zhu,https://mightysignal.com/app/app#/publisher/ios/565053,1087
Evgeny Zaturanov,https://mightysignal.com/app/app#/publisher/ios/325610,1085
Luiz Carlos Parpinelli da Silva,https://mightysignal.com/app/app#/publisher/ios/448297,1083
NAY MIN THU,https://mightysignal.com/app/app#/publisher/ios/190,1067
Renato Aguena,https://mightysignal.com/app/app#/publisher/ios/423708,1063
SB Creative Corp.,https://mightysignal.com/app/app#/publisher/ios/2042,1061
YALI LIU,https://mightysignal.com/app/app#/publisher/ios/175591,1055
Hoang Minh,https://mightysignal.com/app/app#/publisher/ios/529239,1049
Pablo Pereira,https://mightysignal.com/app/app#/publisher/ios/437740,1044
aiping zeng,https://mightysignal.com/app/app#/publisher/ios/524155,1041
Guleser Ozdemir,https://mightysignal.com/app/app#/publisher/ios/807,1041
Inbarasu Govindaraj,https://mightysignal.com/app/app#/publisher/ios/84712,1037
Wendel Reis,https://mightysignal.com/app/app#/publisher/ios/445218,1032
Alan Teixeira,https://mightysignal.com/app/app#/publisher/ios/294622,1022
Paulo Alves,https://mightysignal.com/app/app#/publisher/ios/518328,1013
Guidebook Inc,https://mightysignal.com/app/app#/publisher/ios/15720,1012
yu zhonghua,https://mightysignal.com/app/app#/publisher/ios/581283,1011
David Dominowski Soares,https://mightysignal.com/app/app#/publisher/ios/294042,1010