CrowdCompass by Cvent,https://mightysignal.com/app/app#/publisher/android/30317,3552
Subsplash Consulting,https://mightysignal.com/app/app#/publisher/android/20144,3307
Engage by MINDBODY,https://mightysignal.com/app/app#/publisher/android/2297,3016
iniCall.com,https://mightysignal.com/app/app#/publisher/android/21803,2842
Skoolbag,https://mightysignal.com/app/app#/publisher/android/30045,2808
BrainPub for Theme,https://mightysignal.com/app/app#/publisher/android/500,2776
Magzter Inc.,https://mightysignal.com/app/app#/publisher/android/2464,2584
Nobex Technologies,https://mightysignal.com/app/app#/publisher/android/5908,2402
KitApps, Inc.,https://mightysignal.com/app/app#/publisher/android/30656,2311
eChurch App,https://mightysignal.com/app/app#/publisher/android/303097,2133
CTS cBroadcasting,https://mightysignal.com/app/app#/publisher/android/29351,1889
SCSCreations,https://mightysignal.com/app/app#/publisher/android/4051,1863
Shopgate GmbH,https://mightysignal.com/app/app#/publisher/android/29685,1715
ZT.art,https://mightysignal.com/app/app#/publisher/android/71,1590
MINDBODY Engage,https://mightysignal.com/app/app#/publisher/android/431422,1516
Difference Games LLC,https://mightysignal.com/app/app#/publisher/android/3716,1484
iConnect,https://mightysignal.com/app/app#/publisher/android/888,1451
Bede Products,https://mightysignal.com/app/app#/publisher/android/18564,1425
Sharefaith,https://mightysignal.com/app/app#/publisher/android/72520,1409
Core-apps,https://mightysignal.com/app/app#/publisher/android/13750,1382
EventMobi,https://mightysignal.com/app/app#/publisher/android/51121,1345
FutureGreenApps,https://mightysignal.com/app/app#/publisher/android/5993,1333
ChowNow,https://mightysignal.com/app/app#/publisher/android/2657,1227
애니라인(주),https://mightysignal.com/app/app#/publisher/android/42146,1221
PowerMobile.kr,https://mightysignal.com/app/app#/publisher/android/13061,1205
Komakuro,https://mightysignal.com/app/app#/publisher/android/354495,1202
QuickMobile,https://mightysignal.com/app/app#/publisher/android/26747,1200
funny games,https://mightysignal.com/app/app#/publisher/android/2203,1191
Prontoseat srl,https://mightysignal.com/app/app#/publisher/android/55713,1188
[+]HOME by Ateam,https://mightysignal.com/app/app#/publisher/android/598,1188
RxWiki, Inc.,https://mightysignal.com/app/app#/publisher/android/59259,1174
Monotype Imaging Inc.,https://mightysignal.com/app/app#/publisher/android/10817,1165
FMG Suite,https://mightysignal.com/app/app#/publisher/android/114126,1113
Zenoradio LLC,https://mightysignal.com/app/app#/publisher/android/28150,1095
KoolAppz,https://mightysignal.com/app/app#/publisher/android/3794,1055
Healcode LLC,https://mightysignal.com/app/app#/publisher/android/43735,1055
Lisbon Labs,https://mightysignal.com/app/app#/publisher/android/993,1033
Glosbe Parfieniuk i Stawiński s. j.,https://mightysignal.com/app/app#/publisher/android/14816,1031
Daksh Apps,https://mightysignal.com/app/app#/publisher/android/456964,990
국민안전 위원회,https://mightysignal.com/app/app#/publisher/android/103326,987
Nobex Radio,https://mightysignal.com/app/app#/publisher/android/426980,986
CA MOBILE,LTD.,https://mightysignal.com/app/app#/publisher/android/42962,978
Total Loyalty Solutions,https://mightysignal.com/app/app#/publisher/android/44833,952
Guidebook Inc,https://mightysignal.com/app/app#/publisher/android/9362,898
Sappsuma,https://mightysignal.com/app/app#/publisher/android/65904,889
yama,https://mightysignal.com/app/app#/publisher/android/11212,888
Technopreneur's Resource Centre Pte Ltd,https://mightysignal.com/app/app#/publisher/android/1177,883
Signal to Noise Apps,https://mightysignal.com/app/app#/publisher/android/153282,883
BRLOGIC,https://mightysignal.com/app/app#/publisher/android/470634,877
AppsVision,https://mightysignal.com/app/app#/publisher/android/61369,872
Book21,https://mightysignal.com/app/app#/publisher/android/16075,871
Libro Movil,https://mightysignal.com/app/app#/publisher/android/1947,852
NetApps,https://mightysignal.com/app/app#/publisher/android/7836,848
Dict.land,https://mightysignal.com/app/app#/publisher/android/469756,844
Komakuro,https://mightysignal.com/app/app#/publisher/android/528375,834
app smart GmbH,https://mightysignal.com/app/app#/publisher/android/110766,832
LOVINDO,https://mightysignal.com/app/app#/publisher/android/140709,832
bfac.com Apps,https://mightysignal.com/app/app#/publisher/android/14436,827
eChurch,https://mightysignal.com/app/app#/publisher/android/459557,823
Heise RegioConcept,https://mightysignal.com/app/app#/publisher/android/83327,795
Townspot,https://mightysignal.com/app/app#/publisher/android/81331,791
ImIn Marketer,https://mightysignal.com/app/app#/publisher/android/39223,782
DMF, Inc.,https://mightysignal.com/app/app#/publisher/android/5029,778
iConnect for Theme,https://mightysignal.com/app/app#/publisher/android/571,772
MobiSystems,https://mightysignal.com/app/app#/publisher/android/85,767
Sakakibara,https://mightysignal.com/app/app#/publisher/android/352931,765
vdru,https://mightysignal.com/app/app#/publisher/android/9849,754
Virtuagym Professional,https://mightysignal.com/app/app#/publisher/android/108181,738
Ectaco-LingvoSoft,https://mightysignal.com/app/app#/publisher/android/18623,734
Appyliapps3,https://mightysignal.com/app/app#/publisher/android/49854,723
Dubbele.com,https://mightysignal.com/app/app#/publisher/android/23969,716
Test Developer : GPDC.,https://mightysignal.com/app/app#/publisher/android/136430,715
Pocketmags.com,https://mightysignal.com/app/app#/publisher/android/2719,713
Back to the Bible,https://mightysignal.com/app/app#/publisher/android/88247,713
Custom Church Apps,https://mightysignal.com/app/app#/publisher/android/77435,712
BWAR!,https://mightysignal.com/app/app#/publisher/android/48948,699
AirKast, Inc.,https://mightysignal.com/app/app#/publisher/android/744,696
MROADIE,https://mightysignal.com/app/app#/publisher/android/174,693
PlayHOG,https://mightysignal.com/app/app#/publisher/android/32476,691
Sandhills Publishing,https://mightysignal.com/app/app#/publisher/android/27496,689
MobileReference,https://mightysignal.com/app/app#/publisher/android/9622,685
FastCast4u.com,https://mightysignal.com/app/app#/publisher/android/28394,680
MyFirmsApp,https://mightysignal.com/app/app#/publisher/android/46936,679
Kirill Sidorov,https://mightysignal.com/app/app#/publisher/android/33834,678
LoyaltyPlant,https://mightysignal.com/app/app#/publisher/android/152096,673
Camp Mobile for dodol theme,https://mightysignal.com/app/app#/publisher/android/2249,667
Imagineer Co.,Ltd.,https://mightysignal.com/app/app#/publisher/android/5331,667
Blackboard K-12,https://mightysignal.com/app/app#/publisher/android/19980,666
Concapps B.V.,https://mightysignal.com/app/app#/publisher/android/2779,662
Freedom Design,https://mightysignal.com/app/app#/publisher/android/979,660
GMO Digitallab, Inc.,https://mightysignal.com/app/app#/publisher/android/83668,658
Themes World,https://mightysignal.com/app/app#/publisher/android/10314,655
MyAppsDeveloper.com,https://mightysignal.com/app/app#/publisher/android/70854,652
socibox,https://mightysignal.com/app/app#/publisher/android/12219,651
EscapeGamesFun,https://mightysignal.com/app/app#/publisher/android/455529,646
Access Mobile CWB,https://mightysignal.com/app/app#/publisher/android/29056,644
Live Wallpapers UA,https://mightysignal.com/app/app#/publisher/android/517367,644
Mortgage Mapp,https://mightysignal.com/app/app#/publisher/android/91214,643
GameiMax,https://mightysignal.com/app/app#/publisher/android/603,642
Android Market test,https://mightysignal.com/app/app#/publisher/android/33100,638