Fortune Company,Fortune Rank,Fortune Domain,Publisher Name,Actual Android Publisher ID,,,
United Technologies,45,utc.com,QuickMobile,26747,,x = unable to correct,
Western Union,468,westernunion.com,Western Union Android Apps,,,"When multiple IDs listed, reasonably any of them",
Electronic Arts,543,ea.com,ELECTRONIC ARTS,,,,
Mattel,450,mattel.com,"Fisher-Price, Inc.",,,,
LinkedIn,733,linkedin.com,Dekra,708,,,
HP,20,hp.com,"Fiserv Solutions, Inc.",890,34954,35173,34932
U.S. Bank,131,usbank.com,U.S. Bank Mobile,,,,
Microchip Technology,931,microchip.com,Microchip Technology Inc,,,,
Cisco,54,cisco.com,"Cisco Systems, Inc.",,,,
AbbVie,123,abbvie.com,AbbVie,,,,
Raytheon,120,raytheon.com,Raytheon,,,,
Dollar General,139,dollargeneral.com,Taqtile,,,,
hhgregg,937,hhgregg.com,hhgregg,,,,
Computer Sciences,233,csc.com,Android Argentina,214861,,,
LinkedIn,733,linkedin.com,Triet Ho,708,,,
Norfolk Southern,270,nscorp.com,"Dashride, Inc.",200722,,,
H&R Block,712,hrblock.com,H&R Block Digital Tax,,,,
Gannett,752,gannett.com,TEGNA,16776,,,
Tenneco,334,tenneco.com,App2Bizz.com,x,,,
Intel,51,intel.com,Intel Corporation,,,,
HP,20,hp.com,HP Inc.,,,,
LinkedIn,733,linkedin.com,Jerry.Li,708,,,
Bristol-Myers Squibb,168,bms.com,Albertronic B.V.,158548,,,
Disney,53,disney.com,Disney Publishing Worldwide,,<< one currently listed and this one too,,
HP,20,hp.com,HP inc.,,,,
Gannett,752,gannett.com,NebowwormXiang,16776,,,
State Street Corp.,264,statestreet.com,Myt Co,x,,,
Disney,53,disney.com,Sony Mobile Communications,290,,,
Oracle,77,oracle.com,"Oracle America, Inc.",,,,
Bank of New York Mellon Corp.,179,bnymellon.com,SpotMe,x,,,
Intuit,552,intuit.com,Intuit Inc,,,,
IBM,31,ibm.com,George P. Johnson,16124,78524,,
Juniper Networks,519,juniper.net,"Juniper Networks, Inc.",,,,
FIS,392,fisglobal.com,FIS eBanking,,,,
John Deere,97,johndeere.com,Movilizer GmbH,26703,,,
Nvidia,508,nvidia.com,NVIDIA SHIELD Partners,,,,
McKesson,5,mckesson.com,McKesson Corp,,,,
The Coca-Cola Company,62,coca-colacompany.com,Coca-Cola,,,,
Hasbro,550,hasbro.com,Hasbro Inc.,,,,
Disney,53,disney.com,Marvel Games,,,,
Disney,53,disney.com,Disney,,,,
Nvidia,508,nvidia.com,NVIDIA,,,,
Electronic Arts,543,ea.com,CHILLINGO,,,,
VeriFone Systems,971,verifone.com,"VeriFone, Inc.",,<< one listed or this one,,
Gannett,752,gannett.com,Gannett,,,,
Time Warner Cable,116,twc.com,Time Warner Cable,,,,
Electronic Arts,543,ea.com,Chillingo,,,,
Trimble,896,trimble.com,Trimble Navigation,,,,
AT&T,10,att.com,"AT&T Services, Inc.",,,,
LinkedIn,733,linkedin.com,TAN Wee Hoe,708,,,
Honeywell,75,honeywell.com,"Honeywell International, Inc.",,,,
GE,11,ge.com,General Electric Company,,,,
Microsoft,25,microsoft.com,Microsoft Corporation,,,,
Entergy,247,entergy.com,Entergy,,,,
Discover Financial Services,283,discover.com,Happy Discover Mexico,90970,,,
Jacobs Engineering Group,235,jacobs.com,Jacobs Engineering Inc.,,,,
3M,93,3m.com,3M Company,,,,
Harman International Industries,419,harman.com,K. Schmidle Druck & Medien GmbH,122917,,,
Baxter International,286,baxter.com,DIGITHEALTH,x,,,
New York Life Insurance,61,newyorklife.com,New York Life Insurance Company,,,,
Ford Motor Company,9,ford.com,Ford Motor Co.,,,,
Principal Financial Group,236,principal.com,Principal Financial Group,,,,
Sysco,57,sysco.com,"TheIRapp, LLC",67474,,,
Philip Morris International,106,pmi.com,Philip Morris International Management SA,,,,
Parker Hannifin,224,parker.com,Parker Hannifin Corporation,,,,
Adobe,524,adobe.com,Adobe,,,,
Baker Hughes,178,bakerhughes.com,"Baker Hughes Oilfield Operations, Inc",,,,
Land O�۪Lakes,215,landolakesinc.com,"Land O'Lakes, Inc.",,,,
Cisco,54,cisco.com,SiEBEN,27359,,,
Philip Morris International,106,pmi.com,biipmi Pte Ltd,205356,,,
CBRE Group,259,cbre.com,CBRE,,,,
Commercial Metals,417,cmc.com,Seonix,343232,,,
IBM,31,ibm.com,IBM Collaboration Solutions,,,,
Goodyear Tire & Rubber,169,goodyear.com,The Goodyear Tire & Rubber Company,,,,
Symantec,400,symantec.com,NortonMobile,,,,
Time,707,timeinc.com,TI Media Solutions Inc.,,,,
R.R. Donnelley & Sons,255,rrdonnelley.com,Tupperware,x,,,
Electronic Arts,543,ea.com,Mobile Studio INC,41,,,
Johnson Controls,70,johnsoncontrols.com,Johnson Controls Meetings Mobile Event App,,,,
Baxter International,286,baxter.com,Benjamin Baxter,x,,,
EMC,113,emc.com,"RSA, The Security Division of EMC",,,,
Heartland Payment Systems,796,heartlandpaymentsystems.com,Heartland Payment Systems,,,,
Target,38,target.com,Target Corporation,,,,
Bristol-Myers Squibb,168,bms.com,Bristol Myers Squibb,,,,
Hyatt Hotels,562,hyatt.com,"Aruba Networks, Inc.",255822,,,
AmerisourceBergen,12,amerisourcebergen.com,AmerisourceBergen Corp.,,,,
DISH,187,dish.com,DISH Network LLC,,,,
Google,36,google.com,Google Inc.,,,,
Synnex,212,synnex.com,SYNNEX Corporation,,,,
GE,11,ge.com,General Electric  Company,,,,
SuperValu,160,supervalu.com,SUPERVALU Inc.,,,,
LinkedIn,733,linkedin.com,HKM Dev.,708,,,
Tech Data,108,techdata.com,Adam Trainor,,<< might be it,,
HP,20,hp.com,Hewlett Packard Enterprise Company,,,,
Philip Morris International,106,pmi.com,RBH Inc,17065,,,
Walmart,1,walmart.com,Wal-mart de M̩xico,73228,,,
LinkedIn,733,linkedin.com,Gamelon,708,,,
Voya Financial,252,voya.com,Voya Financial,,,,
American Express,85,americanexpress.com,American Express,,,,
LinkedIn,733,linkedin.com,&mobile,708,,,
Xerox,150,xerox.com,Xerox,,,,
American Express,85,americanexpress.com,Banco Bradesco SA,22060,,,
Hertz,269,hertz.com,The Hertz Corporation,,,,
Johnson Controls,70,johnsoncontrols.com,"Johnson Controls, Inc.",,,,
LinkedIn,733,linkedin.com,Kishore Saraswathula,708,,,
Marsh & McLennan,222,mmc.com,Peter Suraj Joseph,597414,,,
LinkedIn,733,linkedin.com,Look Rio,708,,,
L-3 Communications,245,l-3com.com,L-3 Communications,,,,
Level 3 Communications,333,level3.com,"Level 3 Communications, LLC.",,,,
ConocoPhillips,90,conocophillips.com,Phillips 66 Company,30317,,,
J.B. Hunt Transport Services,416,jbhunt.com,"J.B. Hunt Transport, Inc.",,,,
Nike,91,nike.com,"Nike, Inc.",,,,
Nuance Communications,984,nuance.com,"Nuance Communications, Inc",,,,
PPG Industries,182,ppg.com,"PPG Industries, Inc",,,,
LinkedIn,733,linkedin.com,Univcoda AS,708,,,
Qualcomm,110,qualcomm.com,Snapdragon Game Studio,3454,,,
Bristol-Myers Squibb,168,bms.com,THRONE 3D Control Platform,158548,,,
Thermo Fisher Scientific,164,thermofisher.com,Life Technologies,30746,,,
LinkedIn,733,linkedin.com,The AppGuru,708,,,
International Paper,127,internationalpaper.com,MZ Group,243618,238186,,
3M,93,3m.com,Colorix,150563,,,
HP,20,hp.com,dpnan51,890,34954,35173,34932
The Kroger Co.,17,kroger.com,The Kroger Co.,,,,
Celgene,305,celgene.com,Celgene Corporation,,,,
Citrix,676,citrix.com,Citrix,,,,
DuPont,101,dupont.com,DuPont,,,,
iHeartMedia,414,iheartmedia.com,GoodRx,826,,,
International Paper,127,internationalpaper.com,International Paper,,,,
Ford Motor Company,9,ford.com,Lerictabz,85412,,,
Motorola Solutions,451,motorolasolutions.com,Twisted Pair Solutions,48032,,,
Harman International Industries,419,harman.com,Harman Professional,122917,,,
Baxter International,286,baxter.com,"American Heart Association, Inc",x,,,
Applied Materials,295,appliedmaterials.com,Open Gadgets LLC,x,,,
Phillips 66,30,phillips66.com,Phillips 66 Mobility,,,,
Whirlpool,134,whirlpoolcorp.com,Whirlpool Corporation,,,,
Johnson & Johnson,39,jnj.com,Johnson & Johnson Health & Wellness Solutions Inc.,,,,
Juniper Networks,519,juniper.net,Juniper Networks Inc. and Affiliates,157458,,,
Computer Sciences,233,csc.com,App My Way,214861,,,
LinkedIn,733,linkedin.com,HAYTHEM  ALYAHYA,708,,,
Yahoo,513,yahoo.com,Yahoo,,,,
LinkedIn,733,linkedin.com,Pyae Phyoe Shein,708,,,
Performance Food Group,185,pfgc.com,Retalix,x,,,
United Technologies,45,utc.com,SASApps,26747,,,
Univision,759,univision.com,Screenz Crossmedia,4554,,,
Precision Castparts,282,precast.com,Bit Xpert Technologies,,,,
LinkedIn,733,linkedin.com,Abraham Makovetsky,708,,,
Kimberly-Clark,151,kimberly-clark.com,Kimberly-Clark Corporation,,,,
Fiserv,492,fiserv.com,MetaBank,149154,,,
Cognizant Technology Solutions,230,cognizant.com,Manish Pandey,170966,,,
LinkedIn,733,linkedin.com,Mohamed Hussien,708,,,
Amgen,130,amgen.com,Camgen LTD,268459,,,
Abbott,138,abbott.com,Abbott,,,,
Abbott,138,abbott.com,TACTO MOTION,47449,,,
LinkedIn,733,linkedin.com,Sean Lim,708,,,
LinkedIn,733,linkedin.com,Didier Girard,708,,,
Abercrombie & Fitch,644,abercrombie.com,Abercrombie & Fitch,,,,
Precision Castparts,282,precast.com,Footprint Media Business Apps,x,,,
Ford Motor Company,9,ford.com,"INRIX, Inc.",85412,,,
Tenet Healthcare,140,tenethealth.com,"Tenet HealthSystem Medical, Inc.",,,,
Emerson,128,emerson.com,"Emerson Climate Technologies, Inc",,,,
Intel,51,intel.com,D6 Technology,15750,,,
HP,20,hp.com,inEvidence,890,34954,35173,34932
Navistar International,281,navistar.com,"Navistar, Inc.",,,,
State Farm,35,statefarm.com,"AudaExplore, a Solera Company",,,,
Ford Motor Company,9,ford.com,Lincoln Motor Company,,,,
Symantec,400,symantec.com,Symantec VIP,55271,,,
Symantec,400,symantec.com,Symantec Corporation,,,,
F5 Networks,990,f5.com,F5 Networks Inc.,,,,
Citizens Bank,486,citizensbank.com,"Citizens Bank, N.A.",,,,
Allstate,81,allstate.com,"ARITY, LLC",39765,,,
Paychex,783,paychex.com,"Paychex, Inc",,,,
LinkedIn,733,linkedin.com,Adriano Jose Boller,708,,,
Avnet,102,avnet.com,Avnet Mobile,79990,,,
Mattel,450,mattel.com,Mattel,,,,
Caterpillar,59,caterpillar.com,Caterpillar Inc.,,,,
AT&T,10,att.com,"ActSoft, Inc.",809,,,
ADP,248,adp.com,"ADP, LLC",,,,
Biogen,263,biogen.com,Biogen,,,,
Fiserv,492,fiserv.com,Adams Bank & Trust App Development,149154,,,
Cummins,148,cummins.com,Cummins Inc,,,,
Huntsman,277,huntsman.com,Huntsman Advanced Materials GmbH Switzerland,,,,
Computer Sciences,233,csc.com,Computer Sciences Corporation,,,,
LinkedIn,733,linkedin.com,AndyMarcial,708,,,
Adobe,524,adobe.com,CLEAN & GREEN LIFESTYLE,618,,,
ADT,635,adt.com,Duane Odom,142166,,,
LinkedIn,733,linkedin.com,Khanh Do,708,,,
AT&T,10,att.com,"Asurion Mobile Applications, LLC.",809,,,
Staples,132,staples.com,"Staples, Inc.",,,,
Fiserv,492,fiserv.com,First Advantage Bank,149154,,,
LinkedIn,733,linkedin.com,JOSE LUIS GUTIERREZ,708,,,
T. Rowe Price,573,troweprice.com,T. Rowe Price,,,,
AECOM,156,aecom.com,"Project Partners, LLC.",474312,,,
IBM,31,ibm.com,International Business Machines Corp.,,,,
Aetna,46,aetna.com,Aetna Life Insurance Company,,,,
Aflac,135,aflac.com,BreakAway Games,211880,,,
Aflac,135,aflac.com,Aflac US,,,,
Norfolk Southern,270,nscorp.com,Media Solutions Corporation,200722,,,
MetLife,40,metlife.com,Metlife Inc,,,,
ManpowerGroup,144,manpowergroup.com,Manpower Mobile,,,,
Visa,204,visa.com,Visa Inc.,,,,
Mastercard,294,mastercard.com,MasterCard,,,,
Domino's Pizza,915,dominos.com,Domino's Pizza LLC,,,,
Honeywell,75,honeywell.com,ShowMeTheParts,43095,,,
Nationwide,69,nationwide.com,Nationwide Insurance,,,,
AGCO,360,agcocorp.com,AGCO Corporation,433692,,,
AGCO,360,agcocorp.com,Agcocorp Inc,110341,,,
MetLife,40,metlife.com,Datahouse,127590,,,
Ingram Micro,64,ingrammicro.com,Ingram Micro Distribution GmbH,,,,
HP,20,hp.com,"Hewlett Packard Development Company, L.P.",,,,
State Farm,35,statefarm.com,State Farm Insurance,,,,
Mastercard,294,mastercard.com,CardsMobile,46853,,,
Monsanto,189,monsanto.com,Monsanto Company,,,,
HP,20,hp.com,Concept,890,34954,35173,34932
John Deere,97,johndeere.com,John Deere,,,,
Boeing,24,boeing.com,The Boeing Company,,,,
Bristol-Myers Squibb,168,bms.com,First Data Corp.,158548,,,
LinkedIn,733,linkedin.com,Android App Team,708,,,
Rite Aid,107,riteaid.com,Rite Aid,,,,
Sealed Air,375,sealedair.com,The Leverage Marketing Group,,,,
Air Products & Chemicals,288,airproducts.com,"Air Products & Chemicals, Inc.",,,,
Northrop Grumman,118,northropgrumman.com,Park Air Systems Ltd,,,,
Amazon,18,amazon.com,Amazon Mobile LLC,,,,
LinkedIn,733,linkedin.com,Zdenek Jonas,708,,,
Alaska Airlines,459,alaskaair.com,Alaska Airlines,,,,
Southwest Airlines,142,southwest.com,Southwest Airlines,,,,
American Airlines,67,aa.com,"American Airlines, Inc.",,,,
Hawaiian Airlines,884,hawaiianairlines.com,Hawaiian Airlines,,,,
Textron,209,textron.com,Textron Inc.,,,,
LinkedIn,733,linkedin.com,��irts Karlovskis,708,,,
Charter Communications,292,charter.com,Bobby White,12194,,,
Hartford Financial Services Group,152,thehartford.com,Livegenic Inc,x,,,
Honeywell,75,honeywell.com,Honeywell Security EMEA,43095,,,
LinkedIn,733,linkedin.com,Arda ��UHADARO�_LU,708,,,
Fiserv,492,fiserv.com,"Albany Bank & Trust Company, N.A.",149154,,,
IMS Health,746,imshealth.com,IMS Health,,,,
OG&E,921,oge.com,Netpresenter,x,,,
Fiserv,492,fiserv.com,"Alerus Financial, N.A.",149154,,,
LinkedIn,733,linkedin.com,Boris Petrov,708,,,
Philip Morris International,106,pmi.com,� 2014 Philip Morris Brands SARL,205356,,,
Yum! Brands,218,yum.com,Yum Global Restaurant Information Systems,,,,
Qualcomm,110,qualcomm.com,"Qualcomm Connected Experiences, Inc.",,,,
Allstate,81,allstate.com,Allstate Insurance Co.,,,,
Ally Financial,298,ally.com,Ally Financial,,,,
Campbell Soup Company,337,campbellsoupcompany.com,Campbell Soup Co,,,,
LinkedIn,733,linkedin.com,Radek Chmielewski,708,,,
Xerox,150,xerox.com,purechannelapps,95576,,,
LinkedIn,733,linkedin.com,Ammad Amjad,708,,,
Anadarko Petroleum,324,anadarko.com,Anadarko Petroleum Corporation,,,,
Citi,29,citigroup.com,Citibank N.A.,,,,
Xerox,150,xerox.com,Fuji Xerox (Hong Kong) Limited,,,,
Ameren,425,ameren.com,Ameren Corporation,,,,
Bank of America,26,bankofamerica.com,Bank of America,,,,
Fiserv,492,fiserv.com,American National Bank Fox Cities,149154,,,
Ameriprise Financial,232,ameriprise.com,"Ameriprise Financial, Inc.",,,,
American Family Insurance Group,332,amfam.com,American Family Insurance,,,,
Parker Hannifin,224,parker.com,MontixMobile,50546,,,
LinkedIn,733,linkedin.com,Muhammad Zakaria MADIAN,708,,,
Aflac,135,aflac.com,Pixfusion,211880,,,
Thermo Fisher Scientific,164,thermofisher.com,Thermo Fisher Scientific,,,,
Salesforce,386,salesforce.com,"Salesforce.com, inc.",,,,
LinkedIn,733,linkedin.com,Gao Feng,708,,,
Computer Sciences,233,csc.com,Scope Technologies,214861,,,
American Greetings,968,americangreetings.com,American Greetings,,,,
Liberty Mutual Insurance,73,libertymutual.com,Liberty Mutual Insurance Company,,,,
Bed Bath & Beyond,238,bedbathandbeyond.com,Bed Bath & Beyond,,,,
LinkedIn,733,linkedin.com,RevoTeam,708,,,
Fiserv,492,fiserv.com,GulfCoastBankDev,149154,,,
Fiserv,492,fiserv.com,First Bank and Trust,149154,,,
Norfolk Southern,270,nscorp.com,DataNet Systems Corp.,200722,,,
Fiserv,492,fiserv.com,C&F Bank Toano,149154,,,
Twitter,914,twitter.com,"Twitter, Inc.",,,,
Citrix,676,citrix.com,Zenprise,,<< one currently listed and this one,,
Univision,759,univision.com,Univision Communications Inc.,,,,
LinkedIn,733,linkedin.com,Daniel Georgiev,708,,,
P&G,34,pg.com,doubleleft,x,,,
Commercial Metals,417,cmc.com,GSiMedia Secure Corp.,343232,,,
FedEx,58,fedex.com,FedEx,,,,
Zebra Technologies,623,zebra.com,Zebra Technologies,,,,
LinkedIn,733,linkedin.com,Parijat Sahai,708,,,
Autoliv,310,autoliv.com,Autoliv,,,,
First Data,249,firstdata.com,First Data,,,,
Guardian Life Ins. Co. of America,226,guardianlife.com,The Guardian Life Insurance Company of America,,,,
PayPal,307,paypal.com,PayPal Mobile,,,,
Frontier Communications,461,frontier.com,Frontier Communications,,,,
Apache,388,apachecorp.com,Apache Corporation,,,,
HP,20,hp.com,HP IT,,,,
Discover Financial Services,283,discover.com,TapDiscover,90970,,,
General Mills,161,generalmills.com,"General Mills, Inc.",,,,
Starbucks,146,starbucks.com,Starbucks Coffee Company,,,,
Fiserv,492,fiserv.com,Georgetown Bank,149154,,,
FirstEnergy,188,firstenergycorp.com,FirstEnergy Service Company,,,,
Progressive,137,progressive.com,Progressive Insurance,,,,
P&G,34,pg.com,Procter & Gamble Productions,x,,,
Knights of Columbus,925,kofc.org,"Little i Apps, LLC",794696,,,
Intel,51,intel.com,Intel� Education,15750,,,
Intel,51,intel.com,appMobi On Orange,15750,,,
SunTrust,329,suntrust.com,"SunTrust Banks, Inc.",,,,
The Home Depot,28,homedepot.com,"The Home Depot, Inc.",,,,
IBM,31,ibm.com,MarK3thing,16124,78524,,
Qualcomm,110,qualcomm.com,CSR plc,3454,,,
Dover,377,dovercorporation.com,Dover Corporation,,,,
Computer Sciences,233,csc.com,Innovatec Sensing & Communication,214861,,,
Fiserv,492,fiserv.com,EFCU Financial,149154,,,
Keysight Technologies,760,keysight.com,Keysight Technologies Inc.,,,,
Netflix,379,netflix.com,"Netflix, Inc.",,,,
Warner Music Group,741,wmg.com,Warner Music Inc.,,,,
Fiserv,492,fiserv.com,Tarrant County's Credit Union,149154,,,
Fiserv,492,fiserv.com,St. Mary's Credit Union,149154,,,
Hertz,269,hertz.com,Jose A. Sanchez Rivera,60534,,,
The Home Depot,28,homedepot.com,Red Shield Security Limited,45340,,,
Graybar Electric,423,graybar.com,Graybar Electric,,,,
Qualcomm,110,qualcomm.com,"Qualcomm Innovation Center, Inc.",,,,
Boston Scientific,359,bostonscientific.com,"Boston Scientific, Inc.",,,,
LinkedIn,733,linkedin.com,Javier P��rraga,708,,,
Aflac,135,aflac.com,RT App Designs,211880,,,
Apple,3,apple.com,Apple Inc.,,,,
Avnet,102,avnet.com,"Avnet, Inc.",,,,
First Data,249,firstdata.com,Apriva,x,,,
Ecolab,206,ecolab.com,Wecolab Network S.L.,364826,,,
Rockwell Automation,412,rockwellautomation.com,Rockwell Automation,,,,
R.R. Donnelley & Sons,255,rrdonnelley.com,R.R. Donnelley & Sons Company,,,,
Huntington Ingalls Industries,378,huntingtoningalls.com,Dogfishlab,x,,,
LinkedIn,733,linkedin.com,Hamdy Ghanem,708,,,
General Motors,8,gm.com,General Motors Company,,,,
Micron Technology,173,micron.com,OMICRON,x,,,
Corning,313,corning.com,"Owens Corning Sales, LLC",,,,
Stryker,287,stryker.com,ISPL,x,,,
Fiserv,492,fiserv.com,Flint Area School Employees Credit Union,149154,,,
ManpowerGroup,144,manpowergroup.com,ManpowerGroup Argentina,,,,
LinkedIn,733,linkedin.com,gmazzo,708,,,
MGM Resorts International,309,mgmresorts.com,MGM Resorts International,,,,
LinkedIn,733,linkedin.com,Jọo Pedro Nardari,708,,,
Goodyear Tire & Rubber,169,goodyear.com,Looking Forward Consulting,212037,,,
Groupon,688,groupon.com,"Groupon, Inc.",,,,
New York Life Insurance,61,newyorklife.com,Appsme83,388011,,,
Hyatt Hotels,562,hyatt.com,Hyatt Corporation,,,,
Bristol-Myers Squibb,168,bms.com,WorldWeb Management Services Pty Ltd,158548,,,
Prudential Financial,50,prudential.com,Prudential Singapore,,,,
United Technologies,45,utc.com,Taubman Centers,26747,,,
AT&T,10,att.com,"Telenav, Inc.",809,,,
Live Nation,366,livenation.com,"Live Nation Worldwide, Inc.",,,,
Hartford Financial Services Group,152,thehartford.com,The Hartford Fire Insurance Company,,,,
LinkedIn,733,linkedin.com,Ahmed Medhat,708,,,
Regions Bank,453,regions.com,Regions,,,,
Commercial Metals,417,cmc.com,ccmc.com.au,343232,,,
Assurant,275,assurant.com,Assurant Inc.,,,,
Discover Financial Services,283,discover.com,Pure audio,90970,,,
First Data,249,firstdata.com,First Data Government Solutions,,,,
Microsoft,25,microsoft.com,"PhoneFactor, Inc.",49,,,
Best Buy,71,bestbuy.com,"Best Buy, Inc.",,,,
AutoNation,136,autonation.com,AutoNation Customer Care,,,,
AutoZone,280,autozone.com,"AutoZone, Inc.",,,,
Avaya,584,avaya.com,RADVISION,584954,105864,<<one listed and these ones,
Avis Budget Group,330,avisbudgetgroup.com,Avis Budget EMEA Ltd,,,,
Avnet,102,avnet.com,AvnetIBMMkt,79990,,,
Avnet,102,avnet.com,Avnet Technology Solutions,79990,,,
Avon,370,avoncompany.com,Avon Cosmetics,,,,
LinkedIn,733,linkedin.com,S M Mohammad Ali,708,,,
LinkedIn,733,linkedin.com,Ivan Davidov,708,,,
Halliburton,117,halliburton.com,Halliburton WSTS,,,,
LinkedIn,733,linkedin.com,topcoder,708,,,
Discover Financial Services,283,discover.com,Aj Creative Studios,90970,,,
Verizon,13,verizon.com,Verizon Information Technologies LLC,,,,
Marsh & McLennan,222,mmc.com,Butterfly MMC,597414,,,
LinkedIn,733,linkedin.com,Akshat Kumar,708,,,
Norfolk Southern,270,nscorp.com,Chrysalis Innovations Corporation,200722,,,
Terex,396,terex.com,"CARTEREX, LLC",105500,,,
Popular,938,popular.com,Banco Popular de Puerto Rico,137438,,,
Fiserv,492,fiserv.com,Revere Bank,149154,,,
Fiserv,492,fiserv.com,Western State Bank,149154,,,
Fiserv,492,fiserv.com,West Town Bank & Trust,149154,,,
Fiserv,492,fiserv.com,South Shore Bank,149154,,,
Fiserv,492,fiserv.com,Pinnacle Data Services LLC,149154,,,
FIS,392,fisglobal.com,Bank of Geneva,149154,,,
Fiserv,492,fiserv.com,JD Bank,149154,,,
Fiserv,492,fiserv.com,Logansport Savings Bank,149154,,,
Fiserv,492,fiserv.com,"Waterford Bank, N.A.",149154,,,
Fiserv,492,fiserv.com,"FirstCapital Bank of Texas, N.A.",149154,,,
Fiserv,492,fiserv.com,The Village Bank,149154,,,
Fiserv,492,fiserv.com,Home Federal Savings Bank,149154,,,
Fiserv,492,fiserv.com,"Capital Bank, S.S.B.",149154,,,
Fiserv,492,fiserv.com,Treynor State Bank (Inc),149154,,,
Fiserv,492,fiserv.com,Blue Hills Bank,149154,,,
Fiserv,492,fiserv.com,Federal Savings Bank,149154,,,
Fiserv,492,fiserv.com,TEXAS REGIONAL BANK,149154,,,
Fiserv,492,fiserv.com,Merchants & Marine Bank,149154,,,
Fiserv,492,fiserv.com,Chicopee Savings Bank,149154,,,
Fiserv,492,fiserv.com,Stockman Bank of Montana,149154,,,
Fiserv,492,fiserv.com,Talmer Bank and Trust,149154,,,
Nationwide,69,nationwide.com,Nationwide Bank,,,,
Fiserv,492,fiserv.com,FNB Community Bank,149154,,,
Fiserv,492,fiserv.com,Columbia State Bank,149154,,,
Fiserv,492,fiserv.com,Union Bank & Trust Company Nebraska,149154,,,
Fiserv,492,fiserv.com,Lakeland Bank,149154,,,
Fiserv,492,fiserv.com,Legacy National Bank,149154,,,
Fiserv,492,fiserv.com,Village Bank,149154,,,
Fiserv,492,fiserv.com,Waukesha State Bank,149154,,,
Fiserv,492,fiserv.com,Enterprise Bank & Trust Company,149154,,,
Fiserv,492,fiserv.com,"Performance Data Center, LLC",149154,,,
Fiserv,492,fiserv.com,Leader Bank,149154,,,
Fiserv,492,fiserv.com,The Bank of Hemet,149154,,,
Fiserv,492,fiserv.com,United Fidelity Bank,149154,,,
Fiserv,492,fiserv.com,United Bank of Michigan,149154,,,
Fiserv,492,fiserv.com,Heritage Bank NA (MN),149154,,,
Fiserv,492,fiserv.com,Montgomery Bank,149154,,,
Fiserv,492,fiserv.com,The Federal Savings Bank,149154,,,
Fiserv,492,fiserv.com,The Fauquier Bank,149154,,,
Fiserv,492,fiserv.com,Valliance Bank,149154,,,
Fiserv,492,fiserv.com,Bank of Washington,149154,,,
Fiserv,492,fiserv.com,Greater Hudson Bank,149154,,,
Fiserv,492,fiserv.com,Centennial Bank Trezevant,149154,,,
Fiserv,492,fiserv.com,Farmers & Merchants State Bank,149154,,,
Fiserv,492,fiserv.com,The Bank of Tampa,149154,,,
Fiserv,492,fiserv.com,Citizens Bank of Morgantown,149154,,,
Fiserv,492,fiserv.com,The Union Bank,149154,,,
Fiserv,492,fiserv.com,Kennebec Savings Bank,149154,,,
Fiserv,492,fiserv.com,iAB Financial Bank,149154,,,
Fiserv,492,fiserv.com,Premier Community Bank,149154,,,
Fiserv,492,fiserv.com,Fremont Bank,149154,,,
Fiserv,492,fiserv.com,Georgia Primary Bank,149154,,,
Fiserv,492,fiserv.com,Florida Capital Bank,149154,,,
Fiserv,492,fiserv.com,WashingtonFirst Bank,149154,,,
Fiserv,492,fiserv.com,Countryside_Bank,149154,,,
Mutual of Omaha Insurance,367,mutualofomaha.com,Mutual of Omaha,,,,
Fiserv,492,fiserv.com,State Bank of Cross Plains,149154,,,
Fiserv,492,fiserv.com,Triumph Bank,149154,,,
Fiserv,492,fiserv.com,Bridgewater Bank,149154,,,
Fiserv,492,fiserv.com,Cornerstone Community Bank WI,149154,,,
BB&T,273,bbt.com,BBT Mobile,,,,
Fifth Third Bank,376,53.com,Fifth Third Bank,,,,
M&T Bank,510,mtb.com,M&T Bank Corporation,,,,
Fiserv,492,fiserv.com,Hawaii FCU,149154,,,
Comerica,765,comerica.com,Comerica Bank,,,,
Fiserv,492,fiserv.com,Liberty National Bank Lawton OK,149154,,,
Fiserv,492,fiserv.com,Katahdin Trust Company,149154,,,
Bank of New York Mellon Corp.,179,bnymellon.com,BNY Mellon,,,,
Fiserv,492,fiserv.com,"Severn Savings Bank, FSB.",149154,,,
Fiserv,492,fiserv.com,Union Square Federal Credit Union,149154,,,
Fiserv,492,fiserv.com,Port Washington State Bank,149154,,,
Fiserv,492,fiserv.com,EVB Bank,149154,,,
Fiserv,492,fiserv.com,VisionBankMobile,149154,,,
Fiserv,492,fiserv.com,Valley Business Bank,149154,,,
eBay,300,ebay.com,eBay Mobile,,,,
Cracker Barrel,763,crackerbarrel.com,Cracker Barrel Old Country Store,,,,
P&G,34,pg.com,Balloon Dog,x,,,
BB&T,273,bbt.com,BB&T Leadership,,,,
LinkedIn,733,linkedin.com,SHAMIM AHSAN,708,,,
Ingram Micro,64,ingrammicro.com,Alejandro Mendoza Col�_n,126481,,,
Ingram Micro,64,ingrammicro.com,Despacho Contable e Informatica,126481,,,
Computer Sciences,233,csc.com,"VistaGraphics, Inc.",214861,,,
Baxter International,286,baxter.com,Baxalta Incorporated,x,,,
Ulta Beauty,602,ulta.com,ULTA,,,,
Bon-Ton,773,bonton.com,"The Bon-Ton Stores, Inc.",,,,
LinkedIn,733,linkedin.com,J Dodgson,708,,,
Massachusetts Mutual Life Insurance,76,massmutual.com,MassMutual Life Insurance Company,,,,
PNC,171,pnc.com,"PNC Bank, N.A.",,,,
Bristol-Myers Squibb,168,bms.com,PT. BENING MITRA SEJATI,158548,,,
LinkedIn,733,linkedin.com,csemdem,708,,,
Capital One,112,capitalone.com,"Capital One Services, LLC",,,,
LinkedIn,733,linkedin.com,Mithun Guddethota,708,,,
Discover Financial Services,283,discover.com,Mr. Hemil Lathia,90970,,,
Eversource Energy,343,eversource.com,Neto Marin,x,,,
Commercial Metals,417,cmc.com,SHINWON NETWORKS,343232,,,
Jacobs Engineering Group,235,jacobs.com,Binary Wasteland,129112,,,
Terex,396,terex.com,Felipe Salazar Schlotterbeck,105500,,,
Snap-on,630,snapon.com,Snap-on,,,,
Boston Scientific,359,bostonscientific.com,Boston Scientific,,,,
H&R Block,712,hrblock.com,H&R Block Mobile App Management,,,,
LinkedIn,733,linkedin.com,T Apps,708,,,
Jabil Circuit,158,jabil.com,Jabil,,,,
JetBlue Airways,405,jetblue.com,JetBlue Airways Corporation,,,,
LinkedIn,733,linkedin.com,Carl Parziale,708,,,
Bristol-Myers Squibb,168,bms.com,ccf-bms,158548,,,
Eastman Chemical,296,eastman.com,Bank of Eastman,374435,,,
Electronic Arts,543,ea.com,Electronic Arts Inc,,,,
Micron Technology,173,micron.com,CodeMicron Solutions,x,,,
Praxair,262,praxair.com,"Praxair, Inc.",,,,
Mondel��z International,94,mondelezinternational.com,mondelez,,,,
LinkedIn,733,linkedin.com,Vagner Martins,708,,,
Baxter International,286,baxter.com,Baxter Healthcare Corporation,,,,
Fiserv,492,fiserv.com,Coosa Pines FCU,149154,,,
Owens & Minor,291,owens-minor.com,Owens & Minor University,,,,
Duke Energy,115,duke-energy.com,"Duke Energy International, Geracao Paranapanema SA",292355,,,
Panera Bread,797,panerabread.com,Panera Bread,,,,
IBM,31,ibm.com,IBM Security,16124,78524,,
LinkedIn,733,linkedin.com,TWINS,708,,,
Boston Scientific,359,bostonscientific.com,Boston Scientific Costa Rica,,,,
CBRE Group,259,cbre.com,Pure Communicatie,541069,,,
PVH,340,pvh.com,PVH Corp.,,,,
Reliance Steel & Aluminum,303,rsac.com,dani hafid,x,,,
Heartland Payment Systems,796,heartlandpaymentsystems.com,Appsme86,122016,,,
Fiserv,492,fiserv.com,FNB Fox Valley,149154,,,
Fiserv,492,fiserv.com,Chemung Canal Trust Company,149154,,,
Visa,204,visa.com,Visa Europe,,,,
Office Depot,196,officedepot.com,"Office Depot, Inc.",,,,
LinkedIn,733,linkedin.com,Surinder Pal Singh,708,,,
Danaher,133,danaher.com,VIVA SOFTWARE SOLUTIONS,30317,,,
Exelon,95,exeloncorp.com,Exelon Corp,,,,
Murphy USA,258,murphyusa.com,Murphy USA: Buy smarter. Drive farther.,,,,
Gannett,752,gannett.com,USA TODAY,16776,,,
Caesars Entertainment,534,caesars.com,Caesars Entertainment,,,,
Lowe's Companies,47,lowes.com,"Lowe's Companie's, Inc.",,,,
Fannie Mae,16,fanniemae.com,Federal National Mortgage Association,,,,
Reliance Steel & Aluminum,303,rsac.com,Doctor SAC,x,,,
CHS,84,chsinc.com,CHS Inc.,,,,
CDW,220,cdw.com,CDW LLC,,,,
Cabela's,592,cabelas.com,Cabela's,,,,
GE,11,ge.com,Liswood & Tache,30791,,,
Prudential Financial,50,prudential.com,Prudential Retirement,533860,,,
Cognizant Technology Solutions,230,cognizant.com,Cognizant Technology Solutions,,,,
Cameron International,319,c-a-m.com,Cameron International,,,,
Centene,124,centene.com,Centene Corporation,,,,
LinkedIn,733,linkedin.com,TrilaDroid,708,,,
HollyFrontier,214,hollyfrontier.com,M. Briseno,x,,,
Costco Wholesale,15,costco.com,Costco Wholesale,,,,
Lexmark,638,lexmark.com,"Lexmark International, Inc.",,,,
LinkedIn,733,linkedin.com,Carlos Ceriani,708,,,
LinkedIn,733,linkedin.com,JM Vincenti,708,,,
Southern,162,southerncompany.com,Southern Nuclear Operating Company,,,,
Cardinal Health,21,cardinalhealth.com,Jump Technologies,,,,
Ecolab,206,ecolab.com,Michele Andreini,364826,,,
Quest Diagnostics,358,questdiagnostics.com,Quest Diagnostics Incorporated,,,,
CarMax,191,carmax.com,CarMax,,,,
C.H. Robinson Worldwide,208,chrobinson.com,"C.H. Robinson Worldwide, Inc.",,,,
United Technologies,45,utc.com,United Traders,26747,,,
CDW,220,cdw.com,McMURRY/TMG,,,,
Fiserv,492,fiserv.com,Financial Center First Credit Union,149154,,,
Fiserv,492,fiserv.com,PA Central FCU,149154,,,
Wells Fargo,27,wellsfargo.com,Wells Fargo Mobile,,,,
VeriFone Systems,971,verifone.com,"Mobile Solutions at VeriFone, Inc.",,<<one listed or this one,,
Micron Technology,173,micron.com,Carlos Mathews,x,,,
Walmart,1,walmart.com,Walmart,,,,
LinkedIn,733,linkedin.com,gektor650,708,,,
Sysco,57,sysco.com,Sysco Corporation,,,,
Bristol-Myers Squibb,168,bms.com,ecplaza,158548,,,
Brinker International,731,brinker.com,Brinker International,,,,
Chipotle Mexican Grill,546,chipotle.com,Chipotle Mexican Grill,,,,
Cinemark,762,cinemark.com,"Cinemark USA, Inc.",,,,
Regal Cinemas,705,regmovies.com,Regal Cinemas,,,,
LinkedIn,733,linkedin.com,Luca Stucchi,708,,,
Citrix,676,citrix.com,"Citrix Systems, Inc",,,,
Fiserv,492,fiserv.com,Mill City Credit Union Google Play Developer,149154,,,
LinkedIn,733,linkedin.com,CoreEye Games,708,,,
Party City,894,partycity.com,Party City,,,,
IBM,31,ibm.com,IBM Tivoli,16124,78524,,
FIS,392,fisglobal.com,SunGard Data Systems Inc.,83344,,,
SanDisk,464,sandisk.com,SanDisk Corp.,,,,
SanDisk,464,sandisk.com,� Western Digital Corporation or its affiliates.,15849,,,
Juniper Networks,519,juniper.net,Cloudpath Networks Inc,157458,,,
LinkedIn,733,linkedin.com,John Hoford,708,,,
Marsh & McLennan,222,mmc.com,MTGMintCard Ltd,597414,,,
CME Group,671,cmegroup.com,"CME Group, Inc.",,,,
CenterPoint Energy,363,centerpointenergy.com,CenterPoint Energy,,,,
LinkedIn,733,linkedin.com,Akand Islam,708,,,
Xerox,150,xerox.com,Xerox State Healthcare,95576,,,
USAA,114,usaa.com,USAA,,,,
Voya Financial,252,voya.com,VITKE S.A.,46624,324781,,
Verizon,13,verizon.com,Verizon Enterprise Solutions,,,,
LinkedIn,733,linkedin.com,DES-IT,708,,,
US Foods Holding,122,usfoods.com,"US Foods, Inc.",,,,
Commercial Metals,417,cmc.com,TekSys,343232,,,
Pitney Bowes,634,pb.com,Pitney Bowes,,,,
Morgan Stanley,78,morganstanley.com,Morgan Stanley and Co. LLC,,,,
Symantec,400,symantec.com,sulph8,55271,,,
Harman International Industries,419,harman.com,"Harman Consumer, Inc.",122917,,,
HP,20,hp.com,Hewlett-Packard Company,,,,
LinkedIn,733,linkedin.com,LinkedIn,,,,
HP,20,hp.com,Snapfish,890,34954,35173,34932
Terex,396,terex.com,Terex Corporate,,,,
Core-Mark Holding,317,core-mark.com,"Core-Mark International, Inc.",,,,
Norfolk Southern,270,nscorp.com,Norfolk Southern Corp,,,,
CSX,239,csx.com,CSX,,,,
VF,231,vfc.com,Bashira Baset,,,,
Fiserv,492,fiserv.com,CPM Federal Credit Union,149154,,,
LinkedIn,733,linkedin.com,Francesco Gasparetto,708,,,
Norfolk Southern,270,nscorp.com,ALIENS Corporation,200722,,,
Fiserv,492,fiserv.com,OUR Credit Union,149154,,,
LinkedIn,733,linkedin.com,Dejan Zivanovic,708,,,
Computer Sciences,233,csc.com,CSC SA,214861,,,
Unum Group,265,unum.com,Unum Group,,,,
CVS Pharmacy,7,cvs.com,CVS/pharmacy,,,,
LinkedIn,733,linkedin.com,Illuminous LLC,708,,,
ADT,635,adt.com,"Zhejiang DAHUA Technology Co., Ltd",142166,,,
Caterpillar,59,caterpillar.com,Saturn Agrochem,80628,,,
Paccar,147,paccar.com,PACCAR,,,,
Wayfair,906,wayfair.com,"Wayfair, LLC",,,,
LinkedIn,733,linkedin.com,_�_���_�__ _�_�___�_______���,708,,,
Delta Air Lines,68,delta.com,"Delta Air Lines, Inc.",,,,
WellCare Health Plans,202,wellcare.com,Liberty Dental Plan Corporation,224529,,,
Paccar,147,paccar.com,PACCAR ITD,,,,
Swift Transportation,570,swifttrans.com,"Swift Transportation Co. of Arizona, LLC",,,,
Genworth Financial,306,genworth.com,Genworth Financial,,,,
Discover Financial Services,283,discover.com,SgDiscover,90970,,,
Discover Financial Services,283,discover.com,Creating Revolutions,90970,,,
Sealed Air,375,sealedair.com,Sealed Air,,,,
Huntsman,277,huntsman.com,Jeremy Huntsman,124365,,,
HP,20,hp.com,Primax Electronics Software,890,34954,35173,34932
R.R. Donnelley & Sons,255,rrdonnelley.com,RR_Donnelley,,,,
Fiserv,492,fiserv.com,Doral Financial Corporation,149154,,,
Nuance Communications,984,nuance.com,Dragon Speech Recognition,2954,,,
Nuance Communications,984,nuance.com,Nuance Communications Inc,,,,
DTE Energy,274,dteenergy.com,"DTE Energy Corporate Services, LLC",,,,
Duke Energy,115,duke-energy.com,Ast̩ria Internet Solutions,,,,
LinkedIn,733,linkedin.com,&mobi,708,,,
LinkedIn,733,linkedin.com,Mikhail Kulesh,708,,,
Fiserv,492,fiserv.com,Century Federal Credit Union,149154,,,
Eastman Chemical,296,eastman.com,Eastman Chemical Company,,,,
LinkedIn,733,linkedin.com,Pediatric Palpitationz,708,,,
Ecolab,206,ecolab.com,EcoLab,,,,
LinkedIn,733,linkedin.com,Luiz Vessosa,708,,,
Jones Financial,382,edwardjones.com,Edward Jones Investments,,,,
HP,20,hp.com,Y&Y,890,34954,35173,34932
ManpowerGroup,144,manpowergroup.com,Madhouse Studio,426846,,,
Tiffany & Co.,582,tiffany.com,Tiffany & Co.,,,,
Xerox,150,xerox.com,FUJI XEROX AUSTRALIA PTY. LIMITED,,,,
Equifax,801,equifax.com,Equifax Per̼,,,,
FIS,392,fisglobal.com,FIS Events,,,,
F5 Networks,990,f5.com,f5events2016,115581,,,
Farmers Insurance,227,farmers.com,Farmers Group Inc,,,,
IBM,31,ibm.com,"Kenexa, Inc",16124,78524,,
Expeditors International of Washington,390,expeditors.com,"Expeditors International of Washington, Inc.",,,,
Broadcom,331,broadcom.com,Broadcom Corporation,,,,
Express Scripts Holding Co,22,express-scripts.com,Express Scripts Holding Company,,,,
Express,876,express.com,EXPRESS,,,,
Trimble,896,trimble.com,Trimble MEP,,,,
DaVita,200,davita.com,DaVita,,,,
SpartanNash,351,spartannash.com,Spartan Stores,,,,
The Home Depot,28,homedepot.com,Satellite Electronic (Zhongshan) Ltd.,45340,,,
Nordstrom,197,nordstrom.com,"Nordstrom, Inc.",,,,
LinkedIn,733,linkedin.com,Lawrence Owusu,708,,,
Fiserv,492,fiserv.com,Hawaiian Telephone Company Employees FCU,149154,,,
FedEx,58,fedex.com,FedEx Office,,,,
Parker Hannifin,224,parker.com,Parker Hannifin India Pvt. Ltd.,50546,,,
Altice,399,cablevision.com,"CSC Holdings, LLC.",x,,,
Verizon,13,verizon.com,Verizon Services Corp.,,,,
Honeywell,75,honeywell.com,Troo Corporation,43095,,,
Tyson Foods,66,tysonfoods.com,"Tyson Foods, Inc.",,,,
Whole Foods Market,181,wholefoodsmarket.com,"Whole Foods Market, Inc.",,,,
Fiserv,492,fiserv.com,Union Savings Bank CT,149154,,,
Fiserv,492,fiserv.com,The Farmers and Merchants Bank,149154,,,
KeyBank,540,key.com,"KeyBank, N.A.",,,,
PayPal,307,paypal.com,LouZiffer,901,,,
Fiserv,492,fiserv.com,Hamilton State Bank,149154,,,
Fiserv,492,fiserv.com,McCoy Federal Credit Union,149154,,,
Swift Transportation,570,swifttrans.com,Swift Transportation,,,,
VF,231,vfc.com,VF Corporation,,,,
Scotts,724,scotts.com,The Scotts Miracle-Gro Company,,,,
LinkedIn,733,linkedin.com,momodalo design,708,,,
PPG Industries,182,ppg.com,24/7 Alarmas,64383,,,
Publix Super Markets,87,publix.com,Publix Super Markets Inc.,,,,
Genuine Parts,183,genpt.com,Nxt Gen Institute of Physical Therapy,61965,,,
Global Partners,276,globalp.com,Global Partners,,,,
Voya Financial,252,voya.com,Voya Investment Management,,,,
GNC,809,gnc.com,GNC,,,,
LinkedIn,733,linkedin.com,Maillet,708,,,
Goodyear Tire & Rubber,169,goodyear.com,Goodyear Asia Pacific,212037,,,
Grainger,285,grainger.com,Grainger Apps,,,,
Groupon,688,groupon.com,"Groupon, Inc",,,,
Microchip Technology,931,microchip.com,GrowIT Media,44100,,,
Northrop Grumman,118,northropgrumman.com,Northrop Grumman Systems Corporation,,,,
Lincoln Electric,832,lincolnelectric.com,The Lincoln Electric Company,,,,
Hanover Insurance Group,506,hanover.com,Insurance Information Institute,x,,,
Cognizant Technology Solutions,230,cognizant.com,Cognizant HealthActivate,,,,
Kindred Healthcare,372,kindredhealthcare.com,Kindred Healthcare,,,,
WellCare Health Plans,202,wellcare.com,��㓝���ʓݡ,224529,,,
Molina Healthcare,201,molinahealthcare.com,Molina Healthcare,,,,
Henry Schein,268,henryschein.com,"Henry Schein, Inc.",,,,
Starwood Hotels & Resorts Worldwide,444,starwoodhotels.com,Starwood Resorts & Hotels,,,,
Discover Financial Services,283,discover.com,RuDiscover,90970,,,
HP,20,hp.com,Hewlett Packard Enterprise,,,,
HP,20,hp.com,Hewlett-Packard Co.,,,,
HP,20,hp.com,Hewlett Packard,,,,
HP,20,hp.com,Comod.in,890,34954,35173,34932
Huntington Bank,698,huntington.com,Huntington National Bank,,,,
Huntsman,277,huntsman.com,BlueNubes,,,,
Yum! Brands,218,yum.com,Yum Brands Inc - India Division,,,,
Bristol-Myers Squibb,168,bms.com,Pegasus Automation International,158548,,,
R.R. Donnelley & Sons,255,rrdonnelley.com,RRDonnelley,,,,
Computer Sciences,233,csc.com,ICSC,214861,,,
HD Supply Holdings,320,hdsupply.com,Gnxcor Inc.,35626,,,
Public Service Enterprise Group,272,pseg.com,TOPSEG S.A. Compa̱�_a de Seguros y Reaseguros,x,,,
International Paper,127,internationalpaper.com,International Paper Company,,,,
Baxter International,286,baxter.com,EBX,x,,,
Corning,313,corning.com,�_ӑܝ�ʥ��ۓ�Γ_�,150798,,,
Marriott International,195,marriott.com,Marriott International,,,,
Parker Hannifin,224,parker.com,Recess Creative,50546,,,
United Natural Foods,335,unfi.com,United Natural Foods Inc.,,,,
JCPenney,228,jcpenney.com,JCPenney Inc.,,,,
Commercial Metals,417,cmc.com,WeAreCMC,343232,,,
LinkedIn,733,linkedin.com,Bookan Abdolmajid Ahmad,708,,,
Corning,313,corning.com,Corning Incorporated,150798,,,
Kohl's,145,kohls.com,Kohls,,,,
LinkedIn,733,linkedin.com,djardon,708,,,
Navient,494,navient.com,"Navient Solutions, Inc.",,,,
Lowe's Companies,47,lowes.com,"Lowe's Companies, Inc.",,,,
LinkedIn,733,linkedin.com,Husni Sharabati,708,,,
Simon Property Group,488,simon.com,Simon Property Group,,,,
Cisco,54,cisco.com,Cisco Meraki,28676,,,
Biogen,263,biogen.com,"Biogen, Inc",,,,
Bristol-Myers Squibb,168,bms.com,Grupo BMS,158548,,,
Alliance Data Systems,404,alliancedata.com,Alliance Data,,,,
Michaels Stores,517,michaels.com,"Michaels Stores, Inc.",,,,
Microsoft,25,microsoft.com,Microsoft Tag,49,,,
Amgen,130,amgen.com,Ahmed Esmat,268459,,,
Norfolk Southern,270,nscorp.com,NeuroSync,200722,,,
L-3 Communications,245,l-3com.com,L-3 Mission Integration,,,,
Performance Food Group,185,pfgc.com,Performance Foodservice,,,,
Progressive,137,progressive.com,Censio,90806,,,
Cisco,54,cisco.com,Cisco Systems,,,,
UPS,48,ups.com,UPS,,,,
Nuance Communications,984,nuance.com,SafeCom a/s,2954,,,
Target,38,target.com,Consensus Corporation,1710,,,
LinkedIn,733,linkedin.com,Federico Mazzoli,708,,,
Tesla,588,teslamotors.com,"Tesla Motors, Inc.",,,,
Republic Services,312,republicservices.com,Republic Services,,,,
H&R Block,712,hrblock.com,H&R Block,,,,
WellCare Health Plans,202,wellcare.com,"WellCare Health Plans, Inc.",,,,
OG&E,921,oge.com,OGE Developer,,,,
LinkedIn,733,linkedin.com,Chris Sinclair,708,,,
LinkedIn,733,linkedin.com,LachlanM,708,,,
HP,20,hp.com,HP Inc,890,34954,35173,34932
Prudential Financial,50,prudential.com,Prudential Assurance Malaysia Berhad,533860,,,
Philip Morris International,106,pmi.com,Kunststofftechnik Kannegiesser,205356,,,
Western Refining,289,wnr.com,Sewnr,x,,,
LinkedIn,733,linkedin.com,John Wageeh,708,,,
Synnex,212,synnex.com,Synnex Australia Pty Ltd,,,,
Unum Group,265,unum.com,BeyazPiksel,420234,,,
Computer Sciences,233,csc.com,Viet Capital Securities JSC,214861,,,
Voya Financial,252,voya.com,HVOYA Integra,46624,324781,,
LinkedIn,733,linkedin.com,App2You,708,,,
Owens-Illinois,418,o-i.com,Lecoco.inc,x,,,