ecc_id,bc_name,Has Adobe SDK
1299,"HASBRO, INC.",Y
6219,CAMPBELL SOUP COMPANY,Y
12270,NAVY FEDERAL CREDIT UNION,Y
16575,"COACH, INC.",Y
21275,ENVIRONMENTAL SYSTEMS RESEARCH,Y
24156,"CONSUMER REPORTS, INC.",Y
41933,"UNITED HEALTHCARE SERVICES, INC ON",Y
45647,FLORIDA POWER AND LIGHT CO,Y
45864,SEARS HOLDINGS MANAGEMENT,Y
46801,"CARLSON HOTELS, INC",Y
54727,HOUGHTON MIFFLIN,Y
68962,JEPPESEN SANDERSON,Y
70946,MILLERCOORS LLC,Y
78464,SONY PICTURES ENTERTAINMENT,Y
90961,"UBM INVESTMENTS, INC.",Y
122217,"MARSH AND MCLENNAN COMPANIES, INC.",Y
163827,"NATIONAL APPRAISAL GUIDES, INC.",Y
174963,NEWSDAY LLC,Y
181644,INTERNATIONAL MONETARY FUND,Y
259414,THE CHRISTIAN BROADCASTING,Y
469778,AMERICAN FAMILY MUTUAL INSURANCE,Y
1000027,FARM CREDIT CANADA,Y
1000952,NATIONWIDE BUILDING SOCIETY,Y
1008510,MOEN INC,Y
1014966,"AMERICREDIT FINANCIAL SERVICES, INC",Y
1077835,CONRAD ELECTRONIC SE,Y
1077932,MERCK KGAA,Y
1078266,FEDERATION FRANCAISE DE TENNIS,Y
1141807,"HP, INC.",Y
1234510,ONTARIO TEACHERS' PENSION PLAN BOAR,Y
1264824,BRITISH AIRWAYS PLC,Y
1279854,LPL FINANCIAL LLC,Y
1295938,"COX COMMUNICATIONS, INC.",Y
1342729,LIBERTY MUTUAL INSURANCE COMPANY,Y
1343846,STATE FARM MUTUAL AUTOMOBILE,Y
1353682,"MANHEIM REMARKETING, INC",Y
1405647,STRYKER CORPORATION,Y
1406473,"HONDA NORTH AMERICA, INC.",Y
1415345,RED BULL MEDIA HOUSE,Y
1415410,NXP USA INC. FORMERLY,Y
1415424,ING BANK N.V.,Y
1415814,ACE HARDWARE CORPORATION,Y
1416889,BNP PARIBAS SA,Y
1416891,WELLS FARGO BANK N.A.,Y
1417093,STATE STREET GLOBAL ADVISORS,Y
1417453,BELFIUS BANK NV,Y
1417568,TIETO-TAPIOLA OY,Y
1417733,FIFTH THIRD BANK,Y
1419344,WEIGHTWATCHERS.COM INC,Y
1421092,"CVS PHARMACY, INC.",Y
1421320,KAISER FOUNDATION HOSPITALS,Y
1421867,"CISCO SYSTEMS, INC.",Y
1422016,SONY CORPORATION,Y
1422957,PROQUIRE LLC,Y
1423095,DEUTSCHE POST AG,Y
1423112,WALT DISNEY INTERNET GROUP,Y
1424313,"ALLERGAN SALES, LLC",Y
1424675,GRUNDFOS HOLDING AS,Y
1424742,TURNER BROADCASTING SYSTEM INC,Y
1424947,THE SCOTTS COMPANY LLC,Y
1424988,SCHOLASTIC INC.,Y
1425057,UNIVERSITY OF PHOENIX,Y
1425133,BARCLAYS BANK PLC,Y
1425329,BSH Hausgeraete GmbH,Y
1425338,"THE VANGUARD GROUP, INC.",Y
1425625,METLIFE SERVICES AND SOLUTIONS LLC,Y
1425928,U.S. BANK NATIONAL ASSOCIATION,Y
1425935,MANUFACTURERS & TRADERS TRUST,Y
1425971,SUN LIFE ASSURANCE COMPANY OF,Y
1426326,SAMSUNG ELECTRONICS CO. LTD,Y
1426431,AIRBUS SAS,Y
1426684,"T-MOBILE USA, INC.",Y
1426686,"HERBALIFE INTERNATIONAL OF AMERICA,",Y
1426773,AB TRAV OCH GALOPP (ATG),Y
1426834,KBC GROUP NV,Y
1426993,RICOH COMPANY LIMITED,Y
1427070,ZURCHER KANTONALBANK,Y
1427339,ROSETTA STONE LTD.,Y
1427432,"NIKE, INC.",Y
1428666,SKY UK LTD,Y
1429118,"AMERICA’S COLLECTIBLES NETWORK,",Y
1429141,MEREDITH CORPORATION,Y
1429151,"NEWEGG, INC.",Y
1429243,BPS DIRECT LLC (F/K/A,Y
1429308,"KOHL'S DEPARTMENT STORES, INC.",Y
1429347,"SOTHEBY'S, INC.",Y
1429357,VLAAMSE RADIO,Y
1429423,LUXOTTICA RETAIL NORTH AMERICA,Y
1430023,"WAL-MART.COM USA, LLC",Y
1430077,ABERCROMBIE AND FITCH MANAGEMENT CO,Y
1430344,MANPOWERGROUP GLOBAL INC.,Y
1430425,APPLE INC.,Y
1430567,LOBLAWS INC.,Y
1430769,"BELK, INC.",Y
1430844,ROCHE DIAGNOSTICS GMBH,Y
1431155,QUICKEN LOANS INC.,Y
1431561,RIVER ISLAND CLOTHING CO LTD,Y
1431650,"BROOKS BROTHERS GROUP, INC.",Y
1431750,"GSI COMMERCE SOLUTIONS, INC.",Y
1431795,"CALERES, INC. F/K/A",Y
1431868,COLRUYT GROUP SERVICES NV,Y
1431951,"FEDEX CORPORATE SERVICES, INC.",Y
1432206,"WASTE MANAGEMENT NATIONAL SERVICES,",Y
1432248,CIT GROUP (NJ) LLC,Y
1432539,NFL ENTERPRISES LLC,Y
1432776,ALTICOR INC.,Y
1432843,"THE CAPITAL GROUP COMPANIES, INC.",Y
1433039,"VINEYARD VINES, LLC",Y
1433073,"CITIZENS BANK, N.A.",Y
1433281,HUK-COBURG HAFTPFLICHT-UNTERSTUETZU,Y
1433599,"J.C. PENNEY CORPORATION, INC.",Y
1433731,ITERGO INFORMATIONSTECHNOLOGIE,Y
1433798,PRICEWATERHOUSE COOPERS LLP,Y
1433831,"AMERICAN EAGLE OUTFITTERS, INC.",Y
1433909,INDIGO BOOKS AND MUSIC INC.,Y
1433931,LOUIS VUITTON MALLETIER SA,Y
1434184,FERROVIE DELLO STATO ITALIANE,Y
1434188,SWEDBANK AB (PUBL),Y
1434230,THE BILTMORE COMPANY,Y
1434378,WALSWORTH PUBLISHING COMPANY,Y
1434575,TRUE VALUE COMPANY LLC,Y
1434838,PUMA SE,Y
1435130,TIME INC,Y
1435167,OMNITURE-TESTING CUSTOMER,Y
1435184,"OVERSTOCK.COM, INC.",Y
1435185,ARMSTRONG,Y
1435188,GENERAL MOTORS HOLDINGS LLC.,Y
1435196,WALGREEN CO.,Y
1435203,VIACOM MEDIA NETWORKS A DIVISION,Y
1435205,"ORACLE AMERICA, INC",Y
1435207,ROYAL MAIL GROUP LTD,Y
1435212,"1-800 CONTACTS, INC.",Y
1435220,"A&E TELEVISION NETWORKS, LLC",Y
1435235,"AUDIBLE, INC.",Y
1435239,AVON PRODUCTS INC,Y
1435240,"BABYCENTER, L.L.C.",Y
1435242,"BANKRATE, LLC.",Y
1435256,BUY.COM,Y
1435265,CASA EDITORIAL EL TIEMPO S.A.,Y
1435268,COUNCIL ON FOREIGN RELATIONS,Y
1435283,"CMG CORPORATE SERVICES, INC.",Y
1435284,"EUROMARKET DESIGNS, INC.",Y
1435287,"ALTICE USA, INC.",Y
1435310,"EDMUNDS.COM, INC",Y
1435320,THE E.W. SCRIPPS COMPANY,Y
1435321,"EXPEDIA, INC",Y
1435323,THE FINISH LINE USA INC.,Y
1435326,"FANATICS, INC.",Y
1435332,"FORBES MEDIA, LLC",Y
1435341,"GANNETT CO., INC.",Y
1435342,"THE GAP, INC.",Y
1435345,GENENTECH INC.,Y
1435347,"GETTY IMAGES (US), INC.",Y
1435350,MANSUETO VENTURES LLC.,Y
1435352,"HALLMARK CARDS, INC.",Y
1435355,CAESARS ENTERPRISE SERVICES LLC,Y
1435359,THE HUNTINGTON NATIONAL BANK,Y
1435360,HYATT CORPORATION,Y
1435367,INFORMATICA LLC,Y
1435375,"INTUIT, INC.",Y
1435383,JETBLUE AIRWAYS CORPORATION,Y
1435386,JOHN LEWIS PLC,Y
1435387,JOHN WILEY & SONS PUBLISHING,Y
1435392,"KELLEY BLUE BOOK CO., INC.",Y
1435395,CORPORATION OF THE PRESIDING BISHOP,Y
1435420,ANCESTRY.COM OPERATIONS INC.,Y
1435430,SPRINT UNITED MANAGEMENT COMPANY,Y
1435434,"NU SKIN INTERNATIONAL, INC.",Y
1435457,"RACKSPACE US, INC.",Y
1435470,SENSIS PTY LTD,Y
1435475,GLAXO SMITHKLINE LLC,Y
1435476,"SNAGAJOB.COM, INC.",Y
1435483,SONY CORPORATION OF AMERICA,Y
1435484,"PROGREXION ASG, INC.",Y
1435487,STARWOOD HOTELS & RESORTS,Y
1435491,"SUBARU OF AMERICA, INC.",Y
1435498,TEVA NEUROSCIENCE INC,Y
1435507,TIMES PUBLISHING COMPANY,Y
1435511,TOYOTA MOTOR SALES U.S.A. INC.,Y
1435512,FIND N SAVE INC,Y
1435525,WEBMD LLC.,Y
1435526,"WESTJET, AN ALBERTA PARTNERSHIP",Y
1435527,"WESTERN UNION FINANCIAL SERVICES,",Y
1435538,"LL BEAN, INC.",Y
1435558,TELSTRA CORPORATION LTD,Y
1435559,"US AUTO PARTS NETWORK, INC.",Y
1435565,QUEENS PUBLIC LIBRARY,Y
1435566,RED HAT INC.,Y
1435568,BRITISH TELECOMMUNICATIONS PLC,Y
1435576,ADMINISTRADORA DE SERVICIOS Y SISTE,Y
1435588,TORONTO STAR NEWSPAPERS LIMITED,Y
1435590,AMERICAN EXPRESS TRAVEL,Y
1435591,MARY KAY INC.,Y
1435599,UNITED STATES LIBRARY,Y
1435601,DEX MEDIA INC.,Y
1435606,"HOME BOX OFFICE, INC.",Y
1435616,PELMOREX CORP,Y
1435617,PATAGONIA,Y
1435624,"MAZDA MOTOR OF AMERICA, INC",Y
1435625,THE GOODYEAR TIRE & RUBBER COMPANY,Y
1435632,USEN CORPORATION,Y
1435645,OMNITURE-TRIAL USAGE,Y
1435647,OMNITURE-EMPLOYEE USAGE,Y
1435648,ALLY BANK,Y
1435652,MEIJER GREAT LAKES LIMITED,Y
1435656,MARKS & SPENCER PLC,Y
1435664,CBS INTERACTIVE INC.,Y
1435672,"PENTON MEDIA, INC.",Y
1435673,"THE READER'S DIGEST ASSOCIATION,",Y
1435679,RETAIL FINANCE INTERNATIONAL,Y
1435682,DAIMLER AG,Y
1435696,YEMEK SEPETI ELEKTRONIK ILETISIM TA,Y
1435697,EMBARQ MANAGEMENT COMPANY,Y
1435722,OWN DIGITAL LLC,Y
1435742,ABN AMRO BANK NV,Y
1435744,BRIGHAM YOUNG UNIVERSITY,Y
1435747,VERIZON SOURCING LLC,Y
1435749,MONTBLANC INT. GMBH,Y
1435756,PERFORM MEDIA SERVICES LTD,Y
1435759,QANTAS AIRWAYS LIMITED,Y
1435767,"CANADIAN TIRE CORPORATION, LIMITED",Y
1435771,ULTA INC.,Y
1435772,VIRGIN MOBILE (AUSTRALIA) PTY LTD,Y
1435779,YELL LIMITED,Y
1435793,"HOME DEPOT OF CANADA, INC.",Y
1435815,"VIATOR, INC.",Y
1435822,SOCIETE FRANCAISE DU RADIOTELEPHONE,Y
1435843,"TRULIA, LLC",Y
1435854,"AMERIPRISE FINANCIAL, INC.",Y
1435862,"SALESFORCE.COM, INC.",Y
1435867,"FULLBEAUTY BRANDS, INC.",Y
1435884,FAIRFAX NEW ZEALAND LIMITED,Y
1435902,CANADIAN BROADCASTING,Y
1435919,STUBHUB INC.,Y
1435933,ITMEDIA INC.,Y
1435935,"HOME DEPOT USA, INC.",Y
1435959,"THE NEIMAN MARCUS GROUP, LLC",Y
1435969,THE ASAHI SHIMBUN COMPANY,Y
1435971,"RAKUTEN, INC.",Y
1435991,GE HEALTHCARE,Y
1436002,KAO CORPORATION,Y
1436009,"SCOTTRADE, INC.",Y
1436010,TUI UK LIMITED,Y
1436013,SAFARI BOOKS ONLINE LLC,Y
1436024,CHANNEL FOUR TELEVISION CORPORATION,Y
1436028,"REMEDY HEALTH MEDIA, LLC",Y
1436034,"HEARST COMMUNICATIONS, INC.",Y
1436035,INNOVAPOST INC. (A.K.A. INNOVAPOST),Y
1436037,WOTIF.COM PTY LTD.,Y
1436048,"EVERYDAY HEALTH, INC. (ON BEHALF OF",Y
1436050,"OPPENHEIMERFUNDS DISTRIBUTOR, INC.",Y
1436055,SEEK LTD,Y
1436061,"QUESTRADE, INC.",Y
1436071,"MYLIFE.COM, INC. (FKA REUNION.COM)",Y
1436079,"UNDER ARMOUR, INC.",Y
1436083,KAKAKU.COM INC,Y
1436088,"WEGMANS FOOD MARKETS, INC.",Y
1436091,"HAWAIIAN AIRLINES, INC.",Y
1436092,BACKCOUNTRY.COM LLC,Y
1436108,NEC CORPORATION,Y
1436118,SONY BANK INC,Y
1436120,"IHC HEALTH SERVICES, INC.",Y
1436126,LEE ENTERPRISES INC,Y
1436135,SONY ASSURANCE INC,Y
1436144,DESJARDINS GROUPE,Y
1436145,"BODYBUILDING.COM, LLC",Y
1436152,"CBC NEW MEDIA GROUP, LLC",Y
1436166,"SURFLINE, INC.",Y
1436178,KPN B.V,Y
1436183,PENSKE TRUCK LEASING,Y
1436198,APN ONLINE (AUSTRALIA) PTY LIMITED,Y
1436206,ZOOLOGICAL SOCIETY OF SAN DIEGO,Y
1436207,"FREEDOM COMMUNICATIONS, INC.",Y
1436240,"HUMAN ACADEMY CO., LTD.",Y
1436251,"MCKINSEY & COMPANY, INC",Y
1436252,NEWS 12 INTERACTIVE LLC,Y
1436268,TELENOR NORGE AS,Y
1436290,SMBC NIKKO SECURITIES INC,Y
1436295,CLUB MED,Y
1436303,POPSUGAR INC.,Y
1436319,"NETAPP, INC.",Y
1436320,FNAC DIRECT SA,Y
1436325,BOSTON SCIENTIFIC CORPORATION,Y
1436362,STEPSTONE GMBH,Y
1436368,PHILADELPHIA MEDIA NETWORK DIGITAL,Y
1436377,WESTERN AUSTRALIAN TOURISM,Y
1436388,KARAVEL SA (PROMOVACANCES.COM),Y
1436429,XING SE,Y
1436433,FUSE NETWORKS LLC,Y
1436451,"MONSTER WORLDWIDE, INC.",Y
1436452,DOLLAR THRIFTY,Y
1436458,BOYD GAMING CORPORATION,Y
1436487,ALL NIPPON AIRWAYS CO LTD,Y
1436489,PHILIPS ELECTRONICS NEDERLAND BV,Y
1436516,SOUTHWEST AIRLINES CO.,Y
1436523,DOMO INC.,Y
1436535,PENTAGON FEDERAL CREDIT UNION,Y
1436551,NIKKEI INC,Y
1436557,ARGOS LTD,Y
1436559,ARCADIA GROUP LIMITED,Y
1436560,"AVID TECHNOLOGY, INC.",Y
1436567,THE CO-OPERATIVE BANK PLC,Y
1436572,YUKO YUKO CORPORATION,Y
1436573,NISSAN AUTOMOTIVE EUROPE,Y
1436598,VODAFONE GROUP SERVICES LIMITED,Y
1436603,NEW YORK MEDIA,Y
1436610,NAVISTAR INTERNATIONAL,Y
1436612,JACKSON HEALTHCARE SOLUTIONS,Y
1436615,INVESTOR'S BUSINESS DAILY,Y
1436617,AMERICAN CITY BUSINESS,Y
1436624,GURUNAVI INC,Y
1436639,VIRGIN MONEY (AUSTRALIA),Y
1436641,"THE LAMPO GROUP, LLC",Y
1436644,TOYOTA MOTOR CREDIT CORP.,Y
1436652,"DELTA AIR LINES, INC.",Y
1436699,"DICE HOLDINGS, INC.",Y
1436729,"RECRUIT HOLDINGS CO., LTD.",Y
1436741,AUDI AG,Y
1436757,VUELING AIRLINES S.A.,Y
1436765,E-BOKS AS,Y
1436767,"PRISA TECNOLOGIA, S.L.",Y
1436772,CHIP DIGITAL GMBH,Y
1436789,OK A.M.B.A.,Y
1436801,KROGER CO. (THE),Y
1436807,"NUTRISYSTEM, INC.",Y
1436809,"MARRIOTT OWNERSHIP RESORTS, INC.",Y
1436810,NEW YORK & COMPANY,Y
1436813,NHL INTERACTIVE,Y
1436824,BRITISH TELECOMMUNICATIONS PLC,Y
1436829,RISI INC.,Y
1436839,"THE TJX COMPANIES, INC.",Y
1436848,COLLEGE ENTRANCE EXAMINATION BOARD,Y
1436868,"SPARK NETWORKS USA, LLC",Y
1436879,LA REDOUTE,Y
1436898,BONNIER CORPORATION,Y
1436908,"MARKET AMERICA, INC.",Y
1436919,E-SIXT GMBH & CO. KG,Y
1436940,COOP DANMARK AS,Y
1436955,NOVO NORDISK A/S,Y
1436960,DBS BANK LTD.,Y
1436971,LOREAL PARIS,Y
1436972,TDC A/S,Y
1437003,TRYG FORSIKRING A/S,Y
1437006,"INTERACTIVE ONE,",Y
1437015,FIRST RATE EXCHANGE SERVICES LTD,Y
1437018,HB SVENSKA DAGBLADET & CO AB,Y
1437021,SCANDIC HOTELS AB,Y
1437029,"HEALTH GRADES, INC",Y
1437064,COMCAST CABLE COMMUNICATIONS,Y
1437073,BRANCH BANKING,Y
1437078,SHOPPERS STOP LTD,Y
1437082,DANSK SUPERMARKED AS,Y
1437086,DANSKE BANK AS,Y
1437087,SAFEWAY INC.,Y
1437102,WACKER CHEMIE AG,Y
1437110,ROCKWOOL INTERNATIONAL AS,Y
1437136,"EQUINOX HOLDINGS, INC.",Y
1437141,VOLVO INFORMATION TECHNOLOGY AB,Y
1437160,ADVERSITEMENT B.V.,Y
1437177,INTACT INSURANCE,Y
1437180,CHRISTIES INC.,Y
1437186,SPRD.NET AG,Y
1437209,"BUILD.COM, INC.",Y
1437227,"WB MEDIA RESEARCH AND INSIGHTS,",Y
1437230,"ROGERS COMMUNICATIONS CANADA, INC.",Y
1437235,THOMSON REUTERS HOLDINGS INC,Y
1437241,SKANDINAVISKA ENSKILDA BANKEN AB,Y
1437246,"SCHWAN'S HOME SERVICE, INC.",Y
1437251,COMPARENETWORKS,Y
1437256,"ALASKA AIRLINES, INC.",Y
1437267,VOLKSWAGEN AG,Y
1437274,"LIVFÖRSÄKRINGSBOLAGET SKANDIA,",Y
1437297,"EHARMONY.COM, INC.",Y
1437298,IKANO BANKEN AB (PUBL),Y
1437307,NYKREDIT REALKREDIT AS,Y
1437341,"ADVANCE MAGAZINE PUBLISHERS, INC",Y
1437350,DELL USA LP,Y
1437356,"NAUTILUS, INC.",Y
1437357,INSURANCE AUSTRALIA LIMITED,Y
1437363,AFTONBLADET HIERTA AB,Y
1437390,UNIVERSO ONLINE S.A.,Y
1437394,"DOMINION ENTERPRISES, INC.",Y
1437405,"CAPITAL ONE SERVICES, LLC",Y
1437409,IKEA IT AKTIEBOLAG,Y
1437420,SONY NETWORK COMMUNICATIONS INC.,Y
1437426,"BLUESTEM BRANDS, INC.",Y
1437430,"INTUIT, INC.",Y
1437441,"CAPITAL ONE SERVICES, LLC",Y
1437448,DAGENS NYHETER AB,Y
1437450,SWISSCOM (SCHWEIZ) AG,Y
1437466,STARTS PUBLISHING CORPORATION,Y
1437545,"CARFAX, INC.",Y
1437553,LIFENET INSURANCE,Y
1437562,"HYUNDAI CAPITAL SERVICES, INC.",Y
1437566,"SEPHORA USA, INC.",Y
1437568,"HYUNDAI CARD CO., LTD.",Y
1437578,PENNWELL CORPORATION,Y
1437588,"NEW BALANCE ATHLETICS, INC",Y
1437598,"OPENTABLE, INC.",Y
1437612,MEDIACORP PTE LTD,Y
1437629,CHEBANCA S P A,Y
1437639,THE BOSTON GLOBE,Y
1437640,SPECIAL BROADCASTING,Y
1437645,"NITTO CO., LTD.",Y
1437664,AT&T SERVICES INC.,Y
1437666,BEST BUY PURCHASING LLC,Y
1437667,"AUTOTRADER.COM, INC.",Y
1437668,UNITED SERVICES AUTOMOBILE ASSOCIAT,Y
1437669,KINDRED (LONDON) LIMITED,Y
1437670,"SUNTRUST BANKS, INC.",Y
1437671,"T. ROWE PRICE ASSOCIATES, INC.",Y
1437673,BANK OF MONTREAL,Y
1437681,GOVERNMENT EMPLOYEES INSURANCE,Y
1437686,"LENDINGTREE, INC.",Y
1437695,TEACHERS INSURANCE AND ANNUITY,Y
1437707,SPARK NEW ZEALAND TRADING LIMITED,Y
1437708,UNITED OVERSEAS BANK LIMITED,Y
1437754,ALLSTATE INSURANCE COMPANY,Y
1437758,NOVARTIS PHARMA AG,Y
1437762,AARP,Y
1437763,"VONAGE AMERICA, INC.",Y
1437768,"SHUTTERFLY.COM A/K/A SHUTTERFLY,",Y
1437778,ESSITY HYGIENE AND HEALTH AB,Y
1437783,DARDEN RESTAURANTS INC.,Y
1437786,"24 HOUR FITNESS USA, INC",Y
1437799,PURCHASING POWER LLC,Y
1437815,"ALLEGIS GROUP, INC.",Y
1437822,REED BUSINESS INFORMATION LTD,Y
1437829,"HARLEY-DAVIDSON, INC.",Y
1437830,"GUESS?, INC.",Y
1437855,AMERICAN ACADEMY,Y
1437863,"ALM MEDIA, LLC",Y
1437865,"AMERICAN PUBLIC UNIVERSITY SYSTEM,",Y
1437867,"AIG.COM, INC.",Y
1437889,INGERSOLL-RAND COMPANY,Y
1437904,"INTERVAL INTERNATIONAL, INC.",Y
1437945,"MEDTRONIC, INC.",Y
1437951,JOHN MUIR HEALTH,Y
1437971,"MORNINGSTAR, INC",Y
1437973,MUSICNOTES INC,Y
1437984,STARBUCKS CORPORATION,Y
1437997,SVERIGES TELEVISION,Y
1438001,NETWORK TEN PTY LIMITED,Y
1438012,THE NORTHWESTERN,Y
1438020,VIRGIN AUSTRALIA AIRLINES PTY LTD,Y
1438027,"THE GOLDMAN SACHS GROUP, INC.",Y
1438038,THE NATIONAL TRUST,Y
1438041,HOTEL RESERVATION SERVICE,Y
1438043,TIME OUT ENGLAND LTD,Y
1438044,WHITBREAD GROUP PLC,Y
1438056,RAYMOND CORPORATION,Y
1438066,WARNER BROS ADVANCED DIGITAL SERVIC,Y
1438107,"PFIZER, INC.",Y
1438112,THE VAIL CORPORATION,Y
1438132,PUBLICAR DO BRASIL,Y
1438134,"COMMONWEALTH EQUITY SERVICES, INC",Y
1438138,AMERICAN SOCIETY OF CLINICAL,Y
1438141,"BEST WESTERN INTERNATIONAL, INC.",Y
1438159,CORPORATE EXECUTIVE BOARD,Y
1438170,"CRAIN COMMUNICATIONS, INC.",Y
1438175,"CRACKLE, INC.",Y
1438177,"AUTOZONE.COM, INC.",Y
1438193,"CARMAX BUSINESS SERVICES, LLC",Y
1438198,CHARTER COMMUNICATIONS,Y
1438204,CYGNUS BUSINESS MEDIA,Y
1438208,DEBENHAMS RETAIL PLC,Y
1438212,DENNIS INTERACTIVE LTD,Y
1438226,"IHEARTMEDIA, INC.",Y
1438244,EQUIFAX INC.,Y
1438252,FEDERATION INTERNATIONALE DE,Y
1438274,HUMANE SOCIETY,Y
1438278,TELUS COMMUNICATIONS COMPANY,Y
1438290,G+J ELECTRONIC MEDIA SERVICE GMBH,Y
1438291,HAYMARKET BUSINESS PUBLICATIONS,Y
1438355,TRADER PUBLISHING LIMITED,Y
1438377,UNICREDIT SERVICES S.C.P.A,Y
1438411,WAL-MART BRAZIL,Y
1438414,PVH CORP.,Y
1438415,GLOBAL RADIO SERVICES LIMITED,Y
1438418,BASLER KANTONALBANK,Y
1438443,"PNC BANK, NATIONAL ASSOCIATION",Y
1438444,"LANDMARK INTERACTIVE HOLDINGS, LLC",Y
1438446,KINGFISHER INFORMATION TECHNOLOGY,Y
1438468,COMMONWEALTH BANK OF AUSTRALIA,Y
1438470,"SCRIPPS NETWORKS INTERACTIVE, INC.",Y
1438477,THE CHRONICLE OF HIGHER EDUCATION,Y
1438524,AMP SERVICES LIMITED,Y
1438526,BITDEFENDER SRL,Y
1438538,TUI TRAVEL PLC,Y
1438589,E*TRADE FINANCIAL CORPORATION,Y
1438621,GUARDIAN NEWS AND MEDIA LTD,Y
1438629,YATRA ONLINE PRIVATE LIMITED,Y
1438630,"CEMEX, INC.",Y
1438636,LIFEWAY CHRISTIAN RESOURCES,Y
1438638,"SENSHUKAI CO.,LTD",Y
1438679,ROYAL CANADIAN MINT,Y
1438701,"NISSEN HOLDINGS CO., LTD.",Y
1438703,NIKON CORPORATION,Y
1438724,"JET.COM, INC. DBA MODCLOTH",Y
1438725,HEARST MAGAZINES,Y
1438726,PRIVATE SALES GMBH,Y
1438728,ABSA BANK (SOUTH AFRICA) LTD.,Y
1438738,"ATLANTIC MEDIA, INC.",Y
1438758,RAIL EUROPE,Y
1438778,AUSTRALIA & NEW ZEALAND,Y
1438804,"EXPRESS, LLC",Y
1438805,ANZ BANK NEW ZEALAND LIMITED,Y
1438822,JS INFORMATION SYSTEMS LIMITED,Y
1438850,"PEACH JOHN., LTD",Y
1438937,REDBOX AUTOMATED RETAIL LLC,Y
1438998,CAPELLA UNIVERSITY,Y
1439023,AIMIA CANADA INC.,Y
1439024,K-OPTICOM CORP,Y
1439027,"CARNIVAL CRUISE LINE,",Y
1439032,MOUNTAIN AMERICA FEDERAL CREDIT,Y
1439052,NEWSQUEST MEDIA GROUP LIMITED,Y
1439056,"BLACKROCK, INC.",Y
1439090,MTV OY,Y
1439132,DRAEGERWERK AG & CO. KGAA,Y
1439133,HUTCHISON 3G UK LTD,Y
1439134,"RCI, LLC",Y
1439140,"NOMURA SECURITIES CO., LTD.",Y
1439149,MITSUBISHI UFJ NICOS CO LTD,Y
1439154,AB KVALLSTIDNINGEN EXPRESSEN,Y
1439162,"MARRIOTT INTERNATIONAL, INC.",Y
1439168,ROYAL CARIBBEAN CRUISES LTD.,Y
1439176,"ISC.COM, LLC",Y
1439199,"BEACHBODY, LLC",Y
1439211,GATEHOUSE MEDIA MANAGEMENT,Y
1439212,"TOYS R US-DELAWARE, INC.",Y
1439263,"RECREATIONAL EQUIPMENT, INC.",Y
1439301,INFORMA UK LTD,Y
1439314,OLYMPIA-VERLAG GMBH,Y
1439364,GREEN DOT CORPORATION,Y
1439405,AGL ENERGY LIMITED,Y
1439426,KDDI CORPORATION,Y
1439450,"THE ECONOMIST NEWSPAPER NA, INC.",Y
1439453,COSTCO WHOLESALE CORPORATION,Y
1439472,KUWAIT PETROLEUM DANMARK AS (Q8),Y
1439521,FOXTEL MANAGEMENT PTY LIMITED,Y
1439542,COMCAST CORPORATION,Y
1439552,THE BOEING COMPANY,Y
1439554,SHUEISHA INC,Y
1439575,TV TOKYO COMMUNICATIONS,Y
1439587,ABBOTT LABORATORIES,Y
1439589,NISSAN MOTOR CO LTD,Y
1439597,PRESS IMMO ON LINE S.A.S.,Y
1439601,TV2 DANMARK A/S,Y
1439623,PEMCO MUTUAL INSURANCE COMPANY,Y
1439650,BRITISH HEART FOUNDATION,Y
1439706,"SERVPRO INDUSTRIES, INC.",Y
1439713,"POLITICO, LLC",Y
1439715,CDISCOUNT SA,Y
1440179,FLIGHTNETWORK,Y
1440182,NESTLE NESPRESSO SA,Y
1440195,RCS MEDIAGROUP SPA,Y
1440197,Toyota Connected Corporation,Y
1440221,THE BANK OF NOVA SCOTIA,Y
1440222,MACQUARIE GROUP SERVICES,Y
1440242,QATAR AIRWAYS GROUP Q.C.S.C.,Y
1440252,"ONWARD KASHIYAMA CO.,LTD.",Y
1440260,NETS DENMARK A/S,Y
1440261,VIVID SEATS,Y
1440287,UNITED STATES GOLF ASSOCIATION,Y
1440316,"SUB-ZERO, INC.",Y
1440325,LA CAPITALE ASSUREUR DE,Y
1440335,BUPA INVESTMENTS LIMITED,Y
1440340,IL SOLE 24 ORE S.P.A.,Y
1440354,"OAK LAWN MARKETING, INC",Y
1440357,LENOVO (UNITED STATES) INC.,Y
1440358,GENERAC POWER SYSTEMS,Y
1440370,JUPITER TELECOMMUNICATIONS,Y
1440374,TICKETMASTER L.L.C.,Y
1440387,"STAPLES, INC.",Y
1440404,SCA DELHAIZE LE LION/DE LEEUW,Y
1440407,"DESERET DIGITAL MEDIA, INC.",Y
1440414,GIE DU GROUPE AVIVA FRANCE,Y
1440423,CROWN MEDIA (DBA,Y
1440822,IINET LIMITED,Y
1440823,UNIDAD EDITORIAL SA,Y
1440834,AIR CANADA,Y
1440854,SEPHORA SAS,Y
1440859,IBM INTERACTIVE,Y
1440873,OXFAM GB,Y
1440876,ICOMPETENCE GMBH.,Y
1440878,CREDIT SAISON CO LTD,Y
1440884,SKY DEUTSCHLAND FERNSEHEN GMBH,Y
1440893,SALT RIVER PROJECT,Y
1440905,ETIHAD AIRWAYS,Y
1440911,IKYU CORPORATION,Y
1440935,RTL DISNEY FERNSEHEN GMBH & CO. KG,Y
1440936,TOP-TOY AS,Y
1440944,BANK OF THE WEST,Y
1440973,HBF HEALTH LIMITED,Y
1440976,"CHEGG, INC.",Y
1440977,GENWORTH NORTH AMERICA,Y
1440978,THE TORONTO-DOMINION BANK,Y
1440983,PAYBACK GMBH,Y
1440985,UNITED STATES TENNIS ASSOCIATION,Y
1441001,SYMANTEC CORPORATION,Y
1441002,CANADIAN IMPERIAL BANK OF COMMERCE,Y
1442630,"NIKON, INC.",Y
1442739,ENERGY AUSTRALIA PTY LTD,Y
1442743,AMOREPACIFIC CORPORATION,Y
1442762,NEW LOOK RETAILERS LTD,Y
1442887,LLC INTERNET SOLUTIONS,Y
1442912,BRITISH CAR AUCTIONS LIMITED,Y
1442925,"SHARECARE, INC",Y
1442969,HAPPYCHIC SERVICES SAS,Y
1443012,LULULEMON ATHLETICA CANADA INC.,Y
1443029,"TOPPAN PRINTING CO., LTD",Y
1443034,"F+W MEDIA, INC.",Y
1443040,AMAZON SERVICES LLC,Y
1443065,MICROSOFT CORPORATION BENEFITTING,Y
1443087,DESPEGAR.COM.AR S.A.,Y
1443094,LATITUDE FINANCIAL SERVICES AUSTRAL,Y
1443130,BENTLEY SYSTEMS INCORPORATED,Y
1443144,"LEROY MERLIN ESPANA, S.L.U.",Y
1443145,"RYOHIN KEIKAKU CO.,LTD.",Y
1443152,"SOSLAND COMPANIES, INC.",Y
1443159,NTT DOCOMO INC,Y
1443166,"GAMESTOP, INC",Y
1443173,MISUMI GROUP INC,Y
1443180,POSTMEDIA NETWORK INC,Y
1443209,SEGURO DIRECTO,Y
1443211,MAKEMYTRIP INDIA PVT. LTD,Y
1443323,AUSTRALIAN POSTAL CORPORATION,Y
1443409,"CARS.COM, LLC",Y
1443418,BLOOMBERG FINANCE L.P.,Y
1443465,"ACE CASH EXPRESS, INC.",Y
1443509,MAPFRE (SPAIN),Y
1443575,"HEB GROCERY COMPANY, LP (HEB)",Y
1443672,ROYAL BANK OF CANADA,Y
1443682,"INTOUCH GROUP, LLC",Y
1443697,MINNA NO WEDDING CO LTD,Y
1443732,WDIG: DISNEY CONNECTED AND ADVANCED,Y
1443735,FOUR SEASONS HOTELS LIMITED,Y
1443769,MCDONALD'S CORPORATION,Y
1443816,RAND CORPORATION,Y
1443875,"ENTERPRISE HOLDINGS, INC.",Y
1443904,VOLKSWAGEN GROUP UK LTD,Y
1443955,STARHUB LTD,Y
1444072,"TEN-X, LLC.",Y
1444100,VIRGIN ATLANTIC AIRWAYS LTD,Y
1444271,GVC SERVICES LIMITED,Y
1444392,ROBERT WALTERS JAPAN,Y
1444396,BBC.COM LIMITED,Y
1444420,SKY ITALIA SRL,Y
1444467,SPAR BUSINESS SERVICE GMBH,Y
1444470,HUTCHISON TELEPHONE COMPANY LIMITED,Y
1444493,VALPAK DIRECT MARKETING,Y
1444524,F.HOFFMANN - LA ROCHE AG,Y
1444546,ASSOCIATED NEWSPAPERS LTD,Y
1444577,AETNA LIFE INSURANCE COMPANY,Y
1444622,O2 CZECH REPUBLIC,Y
1444683,"COPART, INC.",Y
1444711,"MCCLATCHY SHARED SERVICES, INC",Y
1444731,CENTRICA PLC,Y
1444753,GREENTUBE INTERNET ENTERTAINMENT,Y
1444809,"LEGO BRAND RETAIL, INC.",Y
1444938,METRO NOM GMBH,Y
1445004,THE MAINICHI NEWSPAPERS,Y
1445005,HEALTH NET FEDERAL SERVICES,Y
1445068,APICIL GESTION,Y
1445070,ACTIVISION PUBLISHING INC.,Y
1445105,YAHOO JAPAN CORPORATION,Y
1445150,VOLKSWAGEN FINANCIAL SERVICES AG,Y
1445152,IP DEUTSCHLAND GMBH,Y
1445206,HELVETIA VERSICHERUNGEN,Y
1445215,"RESTAURANT.COM, INC.",Y
1445216,"DICK'S SPORTING GOODS, INC.",Y
1445218,FIRST NATIONAL BANK OF OMAHA,Y
1445250,"SYNACOR, INC.",Y
1445322,DHC CORPORATION,Y
1445325,SANTANDER UK PLC,Y
1445337,BITBANG SRL,Y
1445368,REACH PLC,Y
1445369,CHINA PACIFIC INSURANCE,Y
1445424,ADOBE CIBU DIGITAL PUBLISHING,Y
1445457,"WYNDHAM HOTEL GROUP, LLC",Y
1445510,LIQUOR CONTROL BOARD OF ONTARIO,Y
1445515,TICKETMASTER UK LIMITED,Y
1445520,SUBARU CORPORATION,Y
1445539,PUBLICACIONES SEMANA SA,Y
1445558,TELECOM ITALIA MEDIA,Y
1445571,SANITAS GRUNDVERSICHERUNGEN AG,Y
1445644,FIRSTBANK,Y
1445647,CARVIEW CORPORATION,Y
1445669,SHAW CABLESYSTEMS G.P.,Y
1445748,BEST SECRET GMBH,Y
1445775,FLM COMBINED,Y
1445930,"LIFE TIME, INC",Y
1445989,"B.A.S.S., LLC (BASSMASTER.COM)",Y
1446048,"YRC ENTERPRISE SERVICES, INC.",Y
1446053,SA SA DOT COM LIMITED,Y
1446057,SAMSUNG CARD CO. LTD,Y
1446068,BONNEVILLE INTERNATIONAL,Y
1446122,CORUS MEDIA HOLDINGS INC. FORMERLY,Y
1446177,LIBERTY GLOBAL SERVICES B.V,Y
1446525,JASPER INFOTECH PRIVATE LIMITED,Y
1446588,IDG COMMUNICATIONS AG,Y
1446599,ASOS.COM LTD,Y
1446623,BAUER MEDIA PTY LTD,Y
1446691,THREE IRELAND (HUTCHISON) LIMITED,Y
1446699,DIGITAL BALANCE PTY LTD,Y
1446815,"EMARKETER, INC.",Y
1446886,NATIONAL AUSTRALIA BANK LIMITED,Y
1446893,THE GLOBE AND MAIL INC.,Y
1446898,FLIPKART INDIA PVT LTD,Y
1446908,"LAKESHORE INTERACTIVE, LLC",Y
1446951,ADOBE SYSTEMS,Y
1447023,KIA MOTORS OF AMERICA,Y
1447105,VIPSHOP INTERNATIONAL HOLDINGS,Y
1447124,"SIX CONTINENTS HOTELS, INC., AN",Y
1447138,"FRANCHISE WORLD HEADQUARTERS, LLC.",Y
1447157,T. GARANTI BANKASI A.S.,Y
1447175,CSS KRANKEN-VERSICHERUNG AG,Y
1447198,EVENING STANDARD LIMITED,Y
1447199,INDEPENDENT DIGITAL NEWS AND,Y
1447286,DIRECT WINES LIMITED,Y
1447313,"DFS CORPORATE SERVICES, LLC.",Y
1447411,MCDONALD´S PROMOTIONS GMBH,Y
1447425,THE WORLD BANK,Y
1447434,FTI TOURISTIK GMBH,Y
1447468,SIRIUS XM RADIO INC.,Y
1447477,RENFE,Y
1447508,THERMO FISHER SCIENTIFIC INC.,Y
1447530,ENIRO INITIATIVES AB,Y
1447541,HONGKONG LAND LIMITED,Y
1447566,SAINT GOBAIN DISTRIBUTION,Y
1447591,"J.B. HUNT TRANSPORT, INC.",Y
1447650,"RDIO, INC.",Y
1447856,SEAT S.A.,Y
1447967,KONE OYJ GLOBAL DEVELOPMENT,Y
1448017,BENJAMIN MOORE & CO,Y
1448032,WOLTERS KLUWER UNITED STATES INC.,Y
1448064,GITTIGIDIYOR BILGI TEKNOLOJILERI,Y
1448065,CHELSEA F.C. PLC,Y
1448069,HUDSON'S BAY COMPANY,Y
1448085,"NEWSMAX MEDIA, INC.",Y
1448130,N.V. NUON ENERGY,Y
1448143,BED BATH & BEYOND INC.,Y
1448153,KT CORPORATION,Y
1448159,"QUIKSILVER, INC",Y
1448197,MAJOR LEAGUE BASEBALL,Y
1448275,"INDEPENDENT TRAVELER, INC.",Y
1448319,DELOITTE SERVICES LP,Y
1448344,DIRECTORIES PHILIPPINES CORPORATION,Y
1448413,"W.W. GRAINGER, INC.",Y
1448453,RYANAIR LIMITED,Y
1448568,M&C RESERVATIONS SERVICES LIMITED,Y
1448640,SHELL INTERNATIONAL LIMITED,Y
1448664,MOTOR PRESSE STUTTGART,Y
1448672,UNIVE SERVICES B.V.,Y
1448701,IG INDEX LIMITED,Y
1448756,XINRUIMEI E-COMMERCE LIMITED,Y
1448805,IMMOWELT AG,Y
1448809,BOL.COM BV,Y
1448828,PEARSON SHARED SERVICES LTD,Y
1448840,OTTO JAPAN INC,Y
1448891,"POSTMEDIA DIGITAL, A DIVISION OF",Y
1448895,"M&C SYSTEMS CO.,LTD.",Y
1448896,CHINA RADIO INTERNATIONAL,Y
1448984,THE ROYAL BANK OF SCOTLAND PLC,Y
1449154,"LOWES HOME CENTERS, LLC",Y
1449253,FRONTIER COMMUNICATIONS CORPORATION,Y
1449271,BARNEY'S INC,Y
1449274,"RODALE, INC.",Y
1449411,"HOMEADVISOR, INC.",Y
1449533,"RETAILMENOT, INC.",Y
1449647,SKY PERFECT JSAT CORP,Y
1449728,"MASSAGE ENVY FRANCHISING, LLC",Y
1449737,"ELC ONLINE, INC.",Y
1449738,KARMALOOP,Y
1449855,IMAGITAS LLC,Y
1449858,"US FOODS, INC.",Y
1449871,MEDIAMÄTNING I SKANDINAVIEN,Y
1449903,BAUER CONSUMER MEDIA LTD,Y
1449932,UBMG LIMITED,Y
1449941,GULFSTREAM AEROSPACE CORPORATION,Y
1449950,"SBI SECURITIES CO., LTD.",Y
1450000,FIRST REPUBLIC BANK,Y
1450017,AMERICAN AIRLINES INC.,Y
1450018,SHEPHERD AGENCY,Y
1450063,MASHABLE INC.,Y
1450067,ADOBE PARTNER NFR,Y
1450089,JETSTAR AIRWAYS PTY LTD,Y
1450104,SONY INTERACTIVE ENTERTAINMENT LLC,Y
1450154,ROBERT BOSCH LLC,Y
1450161,"A.H. BELO MANAGEMENT SERVICES, INC",Y
1450171,NH HOTELES S.A.,Y
1450468,KIMBERLY-CLARK CORPORATION AND/OR,Y
1450484,HBO LATIN AMERICA PRODUCTION,Y
1450532,JOHNSON & JOHNSON CONSUMER INC.,Y
1450537,STANDARD BANK SOUTH AFRICA,Y
1450561,"IREP CO., LTD.",Y
1450579,CONSUMENTENBOND,Y
1450733,KINDLE C S KNOWLEDGE MANAGEMENT,Y
1450795,HILTON DOMESTIC OPERATING COMPANY,Y
1450882,GUITAR CENTER INC.,Y
1450937,TAXSLAYER LLC,Y
1450991,ASKUL CORPORATION,Y
1451052,WESTPAC BANKING CORPORATION,Y
1451081,"GENERAL GROWTH SERVICES, INC.",Y
1451107,Wacoal CORP.,Y
1451109,METRO,Y
1451138,SMITH AND NEPHEW INC. ADVANCED,Y
1451207,MICROSOFT XBOX CORPORATION,Y
1451427,ZUNO BANK AG (SLOVAKIA),Y
1451520,MGM RESORTS INTERNATIONAL,Y
1451544,CONDE NAST,Y
1451638,ABRIL COMUNICAOES S/A,Y
1451708,MICHELIN TRAVEL PARTNER,Y
1451715,FORD APA,Y
1451781,FAIRFAX MEDIA LIMITED,Y
1451804,"MICHAEL KORS (USA), INC.",Y
1451847,TOURISM NEW ZEALAND,Y
1451882,THE MALAYALA MANORAMA COMPANY,Y
1451918,SUMITOMO MITSUI CARD CO LTD,Y
1451955,CCTI-GENERALITAT DE CATALUNYA,Y
1451985,SHANGHAI GENERAL MOTORS CO. LTD,Y
1452003,ING BANK A.S,Y
1452016,VENTE PRIVEE.COM,Y
1452036,DEFENSE MEDIA ACTIVITY,Y
1452119,E! ENTERTAINMENT TELEVISION,Y
1452161,SEPHORA (SHANGHAI) COSMETIC,Y
1452171,"NBCUNIVERSAL MEDIA, LLC",Y
1452175,EXPEDIA.COM LTD,Y
1452263,"THE TEACHING COMPANY SALES, LLC",Y
1452297,ZOOPLUS AG,Y
1452326,TELEFONICA UK LIMITED,Y
1452468,BOP LLC,Y
1452479,"CARSOUP OF MINNESOTA, INC",Y
1452497,HESTVIEW LTD,Y
1452517,COLES SUPERMARKETS AUSTRALIA,Y
1452560,ABS-CBN CORPORATION,Y
1452648,TRAINLINE.COM LIMITED,Y
1452713,"HULU, LLC",Y
1452786,RED BULL MEDIA HOUSE GMBH,Y
1452902,REALIT CO. LTD,Y
1452929,FONECTA OY,Y
1452991,BH MEDIA GROUP,Y
1452993,"GIE MEDIA, INC.",Y
1453012,MULTICHOICE SUPPORT SERVICES,Y
1453013,DIRECT SEGUROS SPAIN,Y
1453066,BMW AG,Y
1453109,"BRIDGESTONE RETAIL OPERATIONS, LLC",Y
1453117,CELLULAR GMBH,Y
1453163,DOGUS PLANET ELEKTRONIK,Y
1453170,BANCO BILBAO VIZCAYA ARGENTARIA,Y
1453182,"NASCAR DIGITAL MEDIA, LLC",Y
1453194,TIM S.P.A.,Y
1453225,"PGATOUR.COM, LLC",Y
1453226,"TD AMERITRADE, INC.",Y
1453232,GROUPAMA SA,Y
1453346,AMER SPORTS WINTER & OUTDOOR,Y
1453384,KARSTADT WARENHAUS,Y
1453435,CENTER FOR DISEASE CONTROL,Y
1453489,ETABLISSEMENTS DARTY ET FILS,Y
1453504,CHOICE HOTELS INTERNATIONAL,Y
1453560,"SPECIALTY RETAILERS, INC.",Y
1453686,ABBVIE,Y
1453701,"CNU ONLINE HOLDINGS, LLC",Y
1453734,CURTCO MEDIA,Y
1453746,"LORD, ABBETT AND CO. LLC",Y
1453769,VATTENFALL AB,Y
1453775,NETSHOES (CAYMAN) LIMITED,Y
1453847,"DAI NIPPON PRINTING CO., LTD.",Y
1453938,SUMITOMO MITSUI FINANCIAL,Y
1453949,AEGON NEDERLAND N.V,Y
1454000,SALLIE MAE BANK,Y
1454062,LYNDA.COM,Y
1454097,AVENUE STORES LLC,Y
1454121,TINKOFF BANK,Y
1454135,DL INSURANCE SERVICES LTD,Y
1454178,RAKUTEN UK LIMITED,Y
1454184,ATRESMEDIA CORPORACION DE MEDIOS,Y
1454185,CONECTA5 TELECINCO S.A.U.,Y
1454234,THE GREAT EASTERN LIFE ASSURANCE,Y
1454235,DMG MEDIA LTD,Y
1454250,"EDITORIAL ECOPRENSA, S.A",Y
1454260,POSTNL HOLDING B.V.,Y
1454290,JUPITER SHOP CHANNEL CO LTD,Y
1454343,DB VERTRIEB GMBH,Y
1454381,DFS GROUP LIMITED,Y
1454464,B2W COMPANHIA DIGITAL S.A.,Y
1454531,BROADCASTING BOARD OF GOVERNORS,Y
1454641,TXU ENERGY RETAIL COMPANY LLC,Y
1454655,CHINA MOBILE GROUP,Y
1454699,THE NET-A-PORTER GROUP,Y
1454754,WHG (INTERNATIONAL) LIMITED,Y
1454815,HONG KONG JOCKEY CLUB,Y
1454834,RAKUTEN SPAIN SL,Y
1454883,VERIZON SOURCING LLC,Y
1454914,"PROSPER MARKETPLACE, INC.",Y
1454939,FINN NO AS,Y
1454947,COMENITY SERVICES LLC,Y
1454979,ENEL SPA,Y
1454980,BC CARD,Y
1454985,FLIPKART INTERNET PRIVATE LIMITED,Y
1455004,NATIONAL BANK OF CANADA,Y
1455010,DTG B.V.,Y
1455164,CONFORAMA FRANCE,Y
1455189,RENT-A-CENTER,Y
1455207,LA FOURCHETTE SAS,Y
1455211,TATTS GROUP LIMITED,Y
1455228,ALEX AND ANI,Y
1455248,TELEGRAPH MEDIA GROUP LIMITED,Y
1455249,TURKCELL ILETISIM,Y
1455304,SKY NETWORK TELEVISION LIMITED,Y
1455315,VITAS HEALTHCARE CORPORATION,Y
1455321,CORPORACION DE RADIO Y TELEVISION,Y
1455327,AVIS BUDGET EMEA LIMITED,Y
1455336,PAC-12 NETWORKS,Y
1455364,"PERSOL CAREER CO., LTD.",Y
1455367,LENSKART SOLUTIONS PRIVATE LIMITED,Y
1455392,NC TRANSACTION INC.,Y
1455479,BHARTI AIRTEL LTD,Y
1455553,"QVC JAPAN, INC.",Y
1455554,SHOGAKUKAN INC,Y
1455557,"CBS LOCAL DIGITAL MEDIA,",Y
1455581,F-SECURE OYJ,Y
1455594,MUTUA MADRILENA AUTOMOVILISTA,Y
1455607,KOREAN AIR LINES CO LTD,Y
1455674,"BARNES & NOBLE, INC.",Y
1455711,"MASTERCARD TECHNOLOGIES, LLC",Y
1455718,"TSUTAYA CO.,LTD",Y
1455762,TARGET CORPORATION,Y
1455784,RALPH LAUREN CORPORATION,Y
1455822,THE CAR TRADER (PTY) LTD,Y
1455834,ROVIA LLC,Y
1455841,"SALON MEDIA GROUP, INC.",Y
1455920,RAIFFEISEN SCHWEIZ,Y
1456226,LIMA CONSULTING GROUP,Y
1456289,PUBLICIS ETO,Y
1456404,EUROBET ITALIA S.R.L,Y
1456408,FCA US LLC,Y
1456433,CINEPLEX ENTERTAINMENT L.P. BY ITS,Y
1456469,"JCB CO., LTD",Y
1456535,BENESSE CORPORATION,Y
1456604,HOMES.COM,Y
1456608,DIGITAL INSIGHT CORPORATION,Y
1456778,EXPERIAN CONSUMER SERVICES,Y
1456784,"THE SLATE GROUP, LLC",Y
1456813,WP COMPANY LLC,Y
1456850,"THE JAPAN NET BANK, LTD",Y
1456900,"CAMPUS CRUSADE FOR CHRIST, INC.",Y
1456962,PULMUONE FOODS CO LTD,Y
1456992,CIMB BANK BERHAD,Y
1457001,PRICEWATERHOUSECOOPERS GLOBAL,Y
1457007,CAMELOT UK LOTTERIES LIMITED,Y
1457023,CANADIAN TIRE CORPORATION LIMITED,Y
1457071,O ESTADO DE S.PAULO S.A,Y
1457097,SHANGRI-LA INTERNATIONAL HOTEL,Y
1457103,LOTTOMATICA SCOMMESSE S.R.L.,Y
1457115,"RADIOMOVIL DIPSA, S.A. DE C.V.",Y
1457185,M6 WEB,Y
1457214,ASAHI BUSINESS SOLUTIONS CORP,Y
1457304,"VERTAFORE, INC.",Y
1457380,BIOGEN,Y
1457555,DASSAULT SYSTEMES AC,Y
1457571,FCA ITALY S.P.A.,Y
1457669,SA GROUPE CANAL PLUS,Y
1457696,BROADRIDGE ADVISOR SOLUTIONS,Y
1457729,EXPRESS SCRIPTS HOLDING COMPANY,Y
1457744,VERISURE INNOVATION AB,Y
1457754,ASIAN PAINTS LIMITED,Y
1457770,GALERIA KAUFHOF GMBH,Y
1457788,THE RANDOM HOUSE GROUP LTD,Y
1457848,SHOPRITE CHECKERS (PTY) LTD,Y
1457867,FRIENDSCOUT24 GMBH,Y
1457883,ITAU UNIBANCO S A,Y
1457909,REWE DIGITAL GMBH,Y
1457936,CEWE STIFTUNG & CO. KGAA,Y
1457971,"CARDINAL PATH, LLC",Y
1457976,ORIGIN ENERGY SERVICES LIMITED,Y
1458060,BLUE CROSS AND BLUE SHIELD OF NORTH,Y
1458082,INCE PROPRIETARY LIMITED,Y
1458131,HEATHROW AIRPORT LIMITED,Y
1458142,LOTERIE NATIONALE S.A. DE DROIT,Y
1458143,SAINSBURY'S BANK PLC,Y
1458162,G6 HOSPITALITY,Y
1458180,SA DPU PROXIMUS,Y
1458222,DAIMLER SOUTH EAST ASIA PTE LTD,Y
1458335,WOOLWORTHS GROUP LTD,Y
1458388,JAPAN BROADCASTING CORPORATION,Y
1458422,UNIVERSITY OF PITTSBURGH,Y
1458457,REGIS CORPORATION,Y
1458613,"RETAIL SERVICES AND SYSTEMS, INC",Y
1458660,"APARTMENTS, LLC",Y
1458680,MASERATI S.P.A.,Y
1458684,"AEON BANK, LTD",Y
1458702,TELENOR IT PARTNER A/S,Y
1458722,CENTENE CORPORATION,Y
1458734,DELUXE MEDIA INC.,Y
1458741,CLUES NETWORK PVT. LTD.,Y
1458768,"EPARK, Inc",Y
1458805,FIRST TECH FEDERAL CREDIT UNION ON,Y
1458811,MANUFACTURERS LIFE INSURANCE,Y
1459000,TATA SIA AIRLINES LIMITED,Y
1459024,CHANGI AIRPORT GROUP,Y
1459038,INVESTEC BANK LIMITED,Y
1459040,EL UNIVERSAL COMPANIA PERIODISTICA,Y
1459112,HARGREAVES LANSDOWN ASSET,Y
1459141,ADOBE FOR CPT USE ONLY,Y
1459283,ENDESA,Y
1459287,"TRIBUNE PUBLISHING COMPANY, LLC",Y
1459293,SPAREBANK 1 BANKSAMARBEIDET DA,Y
1459409,FOREX CLUB INTERNATIONAL LIMITED,Y
1459452,MIMS PTE LTD,Y
1459494,NEUE ZURCHER ZEITUNG AG,Y
1459541,DR TECHNOLOGIES LTD,Y
1459549,MAX LIFE INSURANCE COMPANY LIMITED,Y
1459599,COMDIRECT BANK AKTIENGESELLSCHAFT,Y
1459642,NYU LANGONE HOSPITALS,Y
1459667,MOKO SOCIAL MEDIA,Y
1459678,LOYALTY SOLUTIONS & RESEARCH,Y
1459715,RELIANCE NIPPON LIFE ASSET,Y
1459824,TGI FRIDAY'S INC.,Y
1459832,ROBECO NEDERLAND B.V.,Y
1459911,"ADP, LLC",Y
1459930,SUNCORP CORPORATE SERVICES,Y
1460002,JOOL TECHNOLOGIES (INDIA) PRIVATE,Y
1460008,WARNER ELEKTRA ATLANTIC CORP.,Y
1460026,"QUALCOMM TECHNOLOGIES, INC.",Y
1460149,REALESTATE.COM.AU PTY LIMITED,Y
1460165,VIDAL SERVICES GROUP,Y
1460252,RACING AND WAGERING WESTERN AUSTRAL,Y
1460279,"BANKIA, S.A",Y
1460339,"AEON CREDIT SERVICE CO., LTD.",Y
1460362,PETSMART INC.,Y
1460473,NIWODAI,Y
1460520,NOVA ENTERTAINMENT PTY LTD,Y
1460542,Siemens AG,Y
1460563,FUNG RETAILING LIMITED,Y
1460684,AGOS-DUCATO SPA,Y
1460771,GOGO LLC,Y
1460773,"CIGNA CORPORATE SERVICES, LLC",Y
1460798,"BASELINE, LLC",Y
1460828,UKTV MEDIA LTD,Y
1460833,CARACOL TELEVISION S.A,Y
1460890,BRITISH TELECOMMUNICATIONS (CONSUME,Y
1460897,MANDATUM LIFE SERVICES LIMITED,Y
1460916,FINANCESCOUT24 GMBH,Y
1460949,HDFC STANDARD LIFE INSURANCE,Y
1461003,PILOT TRAVEL CENTERS LLC,Y
1461007,"CITIBANK, N.A.",Y
1461089,DOMINO'S PIZZA LLC,Y
1461117,BANCO ORIGINAL,Y
1461140,SINGTEL OPTUS PTY LIMITED,Y
1461151,DULUXGROUP (AUSTRALIA) PTY LIMITED,Y
1461252,"UNIVISION INTERACTIVE MEDIA, INC",Y
1461265,FORSAKRINGSKASSAN,Y
1461531,H AND M HENNES AND MAURITZ GBC AB,Y
1461550,ABBVIE INC,Y
1461565,WEST CORPORATION,Y
1461619,MOEBEL.DE EINRICHTEN & WOHNEN AG,Y
1461661,INTERGLOBE AVIATION LIMITED,Y
1461787,"SLICKDEALS, LLC",Y
1461840,"MITSUI FUDOSAN CO., LTD.",Y
1461844,THE POKEMON COMPANY INTERNATIONAL,Y
1461920,HASTINGS INSURANCE SERVICES LTD,Y
1462025,CLYDESDALE BANK PLC,Y
1462031,GETIT STORES PVT LTD,Y
1462115,"CREDIT ONE BANK, N.A",Y
1462143,"I360, LLC",Y
1462194,SIVANTOS GMBH,Y
1462218,SUNRISE COMMUNICATIONS AG,Y
1462219,HONG LEONG BANK BERHAD,Y
1462227,BLUE CROSS AND BLUE SHIELD,Y
1462400,PLURALSIGHT,Y
1462503,LOBLAWS INC,Y
1462508,ABN AMRO HYPOTHEKEN GROEP B.V.,Y
1462525,TENNIS PROPERTIES LTD,Y
1462554,UNIPOLSAI ASSICURAZIONI S.P.A.,Y
1462570,BUREAU OF NATIONAL AFFAIRS,Y
1462606,DISH PURCHASING CORPORATION,Y
1462660,"CHARLOTTE RUSSE, INC.",Y
1462667,POLSKIE LINIE LOTNICZE LOT S A,Y
1462673,CELCOM AXIATA BERHAD,Y
1462725,CARREFOUR BRAZIL,Y
1462750,"NBA PROPERTIES, INC.",Y
1462773,NCL CORPORATION LTD.,Y
1462783,HERC RENTALS INC.,Y
1462789,HOSTELWORLD.COM LTD.,Y
1462800,MILES & MORE GMBH,Y
1462803,HAYMARKET MEDIA,Y
1462811,AVG ECOMMERCE CY LTD,Y
1462852,PERMANENT TSB PLC,Y
1462868,AMOREPACIFIC INNISFREE ETUDE ESPOIR,Y
1462899,RAI SERVICES COMPANY,Y
1462906,"SNAPFISH, LLC",Y
1462914,DIP CORPORATION,Y
1462963,FULLSCREEN INC.,Y
1463002,MUNCH ADO,Y
1463019,"JET.COM, INC.",Y
1463078,PROVIDENT FINANCIAL MANAGEMENT,Y
1463110,UNILEVER U.K. CENTRAL RESOURCES,Y
1463133,FISERV SOLUTIONS LLC,Y
1463144,OFFICE DES TELECOMM EDUCATIVES,Y
1463194,SPICE JET LTD,Y
1463288,ALITALIA SOCIETÀ AEREA ITALIANA S.P,Y
1463347,SHOMI PARTNERSHIP,Y
1463350,TATA UNISTORE LIMITED,Y
1463460,ICICI PRUDENTIAL LIFE INSURANCE,Y
1463481,NYKAA E-RETAIL PRIVATE LIMITED,Y
1463518,HONG KONG EXPRESS AIRWAYS LIMITED,Y
1463519,ENEL ITALIA SRL,Y
1463604,AUCHAN E-COMMERCE FRANCE,Y
1463788,SEA SOCIETÀ ESERCIZI,Y
1463881,NATIONAL RAILROAD PASSENGER,Y
1463882,"HRB TAX GROUP, INC.",Y
1463909,BANCO VOTORANTIM,Y
1463928,LION PTY LTD,Y
1464006,MERCEDES-BENZ LEASING GMBH,Y
1464030,DAIMLER AG,Y
1464045,OP-PALVELUT OY,Y
1464122,KAUFLAND INFORMATIONSSYSTEME GMBH,Y
1464246,EVO BANCO,Y
1464381,DAIMLER AG -(REST OF WORLD),Y
1464383,DAIMLER AG,Y
1464385,DAIMLER AG,Y
1464397,E-TREND,Y
1464399,DAIMLER AG,Y
1464440,TEGNA INC.,Y
1464530,THE MATHRUBHUMI PRINTING &,Y
1464534,THE HOSPITALS CONTRIBUTION FUND,Y
1464614,AIA COMPANY LIMITED,Y
1464666,BANCO INTERNACIONAL DEL PERU,Y
1464688,WEBMOTORS SA,Y
1464689,DOLLAR SHAVE CLUB,Y
1464709,DAIMLER AG,Y
1464791,RACK ROOM SHOES INC,Y
1464816,LAND O' LAKES,Y
1464873,MINISTRY OF DEFENSE (MOD),Y
1464880,INDEPENDENT NEWS AND MEDIA PLC,Y
1464937,HEWLETT PACKARD ENTERPRISE COMPANY,Y
1464959,KANDY MAGAZINE,Y
1464997,VIDEO RESEARCH LTD,Y
1465034,"BANCO BILBAO VIZCAYA ARGENTARIA, S.",Y
1465067,FUTBOL CLUB BARCELONA,Y
1465071,"EXPERTICITY, INC.",Y
1465092,BANCO BILBAO VIZCAYA ARGENTARIA,Y
1465094,BBVA BANCO CONTINENTAL,Y
1465097,BBVA BANCO FRANCES SA,Y
1465098,"BANCO PROVINCIAL, S.A., BANCO",Y
1465100,COMPASS BANK,Y
1465184,STAR TRIBUNE,Y
1465213,TV2 DANMARK A/S,Y
1465244,"21ST CENTURY FOX AMERICA, INC.",Y
1465294,"ONE TECHNOLOGIES, LLC",Y
1465475,CASER,Y
1465515,BBVA BANCOMER S.A INSTITUCION DE BA,Y
1465617,TATA CAPITAL LIMITED,Y
1465642,NORSK SYKEPLEIERFORBUND,Y
1465652,CARREFOUR BELGIUM,Y
1465656,CRAFTSVILLA HANDICRAFTS PRIVATE,Y
1465703,RIZZOLI LIBRI SPA,Y
1465743,CYBERPORT GMBH,Y
1465797,"AEON RETAIL CO., LTD.",Y
1465875,VUE ENTERTAINMENT LIMITED,Y
1465921,HEALTHENGINE PTY LTD,Y
1465995,THE SIAM COMMERCIAL BANK,Y
1465996,DAIMLER AG,Y
1466048,FAME DIGITAL PRIVATE LIMTED,Y
1466050,THE GREAT-WEST LIFE ASSURANCE,Y
1466070,PHILIPS LIGHTING B.V.,Y
1466114,YLEISRADIO OY,Y
1466115,HUM,Y
1466118,"HEARST FUJINGAHO CO., LTD.",Y
1466129,NEW AVON LLC,Y
1466130,NETWORK FLEET,Y
1466161,DELOITTE TOUCHE TOHMASU,Y
1466178,BRISTOL-MYERS SQUIBB,Y
1466220,MEREDITH CORPORATION,Y
1466247,CHINA EASTERN AIRLINES CORP LTD,Y
1466312,AMPLIFON SPA,Y
1466612,IFTTT,Y
1466616,UNIQA IT SERVICES GMBH,Y
1466626,HOLZOO ONLINE NETWORKS PVT LTD,Y
1466633,MOOVEL GROUP GMBH,Y
1466674,STATE OF TENNESSEE STRATEGIC,Y
1466689,"DESIGNONE JAPAN, INC.",Y
1466767,DPLAY ENTERTAINMENT LIMITED,Y
1466773,"CHARLES SCHWAB & CO., INC.",Y
1466794,CAR2GO GROUP GMBH,Y
1466807,BEER WINE AND SPIRITS (BWS),Y
1466833,HOTELSPRO DMCC,Y
1467111,PENGTAI INTERACTIVE ADVERTISING,Y
1467139,IDAHO CENTRAL CREDIT UNION,Y
1467225,ALDI INTERNATIONAL SERVICES,Y
1467233,"REPUBLIC SERVICES PROCUREMENT, INC.",Y
1467272,EUROWINGS AVIATION GMBH,Y
1467300,ADOBE EXCHANGE PARTNER,Y
1467381,1&1 INTERNET SE,Y
1467501,BGL BNP PARIBAS,Y
1467504,SONY GLOBAL INFORMATION SYSTEM,Y
1467510,"FOOT LOCKER CORPORATE SERVICES,",Y
1467581,PARIS SAINT GERMAIN FOOTBALL,Y
1467591,DANISH BROADCASTING CORPORATION,Y
1467629,HORIZONBLUECROSS BLUE SHIELD,Y
1467655,LOGITECH EUROPE S.A.,Y
1467675,ROYAL AUTOMOBILE CLUB OF VICTORIA,Y
1467680,NHST MEDIA GROUP AS,Y
1467794,YELL ARGENTINA SA,Y
1467948,ORANGE BANK,Y
1467966,FERNS N PETALS PVT LTD,Y
1467972,MUTV LTD.,Y
1468132,ADVANCED INFO SERVICES PLC,Y
1468134,VODAFONE IDEA LIMITED,Y
1468193,ALADDIN STREET SDN BHD,Y
1468210,SCHIBSTED CLASSIFIED MEDIA SPAIN SL,Y
1468233,AAA NORTHEAST,Y
1468311,LAZADA IHQ COMPANY LIMITED,Y
1468386,CANADA MEDIA FUND,Y
1468389,MONETA MONEY BANK AS,Y
1468394,"ADVERTEX COMMUNICATIONS, INC",Y
1468611,EE LTD,Y
1468621,TV AZTECA S.AB. DE C.V.,Y
1468640,"BNP PARIBAS PERSONAL FINANCE SA,",Y
1468813,C.H. ROBINSON WORLDWIDE,Y
1468863,HARRIS COUNTY TOLL RD.,Y
1468891,"BRIDGESTONE AMERICAS, INC.",Y
1468915,NINE DIGITAL PTY LIMITED,Y
1469092,BANDAI NAMCO HOLDINGS INC.,Y
1469104,IFLIX PTE LTD,Y
1469157,EZLINKS GOLF,Y
1469185,CAPITALAND LIMITED,Y
1469188,BNP PARIBAS SA,Y
1469225,WARRANTEE INC.,Y
1469301,VEIKKAUS OY,Y
1469307,ITALIAONLINE S.P.A.,Y
1469346,DFB GMBH,Y
1469424,"COMERESA PRENSA, S.L.",Y
1469428,EPRICE OPERATIONS S.R.L.,Y
1469511,CATHAY UNITED BANK CO LTD,Y
1469544,PEEK & CLOPPENBURG KG,Y
1469687,"NVEST, INC.",Y
1469790,CORUS SALES INC.,Y
1469806,PANDORA MEDIA INC,Y
1469830,MALAYSIAN AIRLINES BERHAD,Y
1469914,"LOTTE RENTAL CO.,LTD.",Y
1469923,AVIVA CENTRAL SERVICES UK LTD,Y
1469951,"VIZIO INSCAPE SERVICES, LLC",Y
1469973,MS FINANCING LLC,Y
1470192,"ANTHEM, INC.",Y
1470196,KDDI COMMERCE FORWARD CORPORATION,Y
1470224,CJ OLIVENETWORKS CO LTD,Y
1470267,NOVARTIS PHARMACEUTICALS,Y
1470324,AG INSURANCE SA,Y
1470331,BANCO BTG PACTUAL S.A.,Y
1470369,VSC GROUPE,Y
1470463,TALLINK SILJA OY,Y
1470477,"AXS GROUP, LLC",Y
1470487,MINISTRY OF TOURISM,Y
1470576,STV CENTRAL LIMITED,Y
1470659,VGZ ORGANISATIE B.V.,Y
1470734,ALLIANZ TECHNOLOGY SE,Y
1470771,MERCEDES BENZ RESEARCH AND,Y
1470790,U GIE IRIS,Y
1470796,WARNER BROS. ENTERTAINMENT INC.,Y
1470896,BUX GLOBAL LIMITED,Y
1470915,"Casio Computer Co., Ltd.",Y
1470983,GS RETAIL,Y
1471128,RTL NEDERLAND B.V.,Y
1471132,BARCLAYS SERVICES LIMITED,Y
1471145,BELL MEDIA,Y
1471520,VIA VAREJO S/A,Y
1471689,EL AL ISRAEL AIRLINES LTD,Y
1471799,TORIDOLL HOLDINGS CORPORATION,Y
1471839,THE ECONOMIST NEWSPAPER LIMITED,Y
1471917,"HEALTHPARTNERS, INC",Y
1472094,TESCO STORES LTD,Y
1472114,STATE BIDCO LIMITED,Y
1472185,SINGAPORE TOURISM BOARD (STB),Y
1472195,MERCEDES-BENZ GRAND PRIX LTD,Y
1472296,JET PRIVILEGE PVT. LTD,Y
1472469,UBS BUSINESS SOLUTIONS AG,Y
1472646,INNOGY SE,Y
1472837,EURONEWS,Y
1472955,WOWCHER LIMITED,Y
1473016,FREECHARGE PAYMENT TECHNOLOGIES,Y
1473133,SATAIR A/S,Y
1473244,CREDIT SUISSE SERVICES AG,Y
1473563,"TOYOTA MOTOR NORTH AMERICA, INC.",Y
1473622,FINATEXT LTD.,Y
1473802,"NRG ENERGY, INC.",Y
1473838,PREMERA BLUE CROSS,Y
1475489,INTERNATIONAL BUSINESS MACHINES,Y
1476717,"NOVARTIS SERVICES, INC.",Y
1476806,"MARS INFORMATION SERVICES, INC.",Y
1477146,WEX HEALTH INC.,Y
1477902,HOMES.COM - RE/MAX DIVISION,Y
1477903,"TRADER INTERACTIVE, LLC –",Y
1477904,"TRADER INTERACTIVE, LLC –",Y
1478660,CAMELOT GLOBAL LOTTERY SOLUTIONS,Y
1478693,EF INVEST INTERNATIONAL AG,Y
1479043,"FIDELITY TECHNOLOGY GROUP, LLC",Y
1479570,XE.COM INC.,Y
1479672,RELIANCE CORPORATE IT PARK LTD,Y
1479826,PT. Bank Permata,Y
1480049,BOEHRINGER INGELHEIM GMBH,Y
1480273,ELSEVIER LIMITED,Y
1480850,"INCOMM HOLDINGS, INC.",Y
1481577,VIRGIN MONEY PLC,Y
1482693,GROUP ONE HOLDINGS PTE LTD,Y
1482735,PAGINAS AMARILLAS SOLUCIONES,Y
1483538,ALBIANT - IT,Y
1483941,MATCHESFASHION LIMITED,Y
1484875,ALBELLI B.V,Y
1487441,NCA BROADCASTING PTY LTD,Y
1487624,NUGO SPA,Y
1487673,JP MORGAN CHASE BANK,Y
1491882,DUMONT.NEXT GMBH & CO. KG,Y
1492556,TUI DEUTSCHLAND GMBH,Y
1493687,SB MULTIMEDIA PVT. LTD,Y
1495915,SAINSBURY’S TU CLOTHING,Y